date,time,order_id,product,category,qty,price,total,payment_method
2026-08-01,17:25,BB00001,ชาไทย,ชา,1,55,55,QR พร้อมเพย์
2026-08-01,08:32,BB00002,มอคค่า,กาแฟ,1,70,70,เงินสด
2026-08-01,12:03,BB00003,ลาเต้,กาแฟ,1,65,65,QR พร้อมเพย์
2026-08-01,17:36,BB00004,ลาเต้,กาแฟ,1,65,65,QR พร้อมเพย์
2026-08-01,08:26,BB00005,ลาเต้,กาแฟ,2,65,130,เงินสด
2026-08-01,09:37,BB00006,อเมริกาโน่,กาแฟ,1,55,55,QR พร้อมเพย์
2026-08-01,12:39,BB00007,มอคค่า,กาแฟ,1,70,70,เงินสด
2026-08-01,12:39,BB00007,มัทฉะลาเต้,ชา,1,75,75,เงินสด
2026-08-01,09:50,BB00008,อเมริกาโน่,กาแฟ,1,55,55,เงินสด
2026-08-01,09:50,BB00008,ชาไทย,ชา,1,55,55,เงินสด
2026-08-01,11:38,BB00009,มอคค่า,กาแฟ,1,70,70,บัตรเครดิต
2026-08-01,08:31,BB00010,อเมริกาโน่,กาแฟ,1,55,55,QR พร้อมเพย์
2026-08-01,08:31,BB00010,นมสดคาราเมล,ไม่ใช่กาแฟ,2,60,120,QR พร้อมเพย์
2026-08-01,08:31,BB00010,คาปูชิโน่,กาแฟ,1,65,65,QR พร้อมเพย์
2026-08-01,11:51,BB00011,บราวนี่,เบเกอรี่,1,55,55,QR พร้อมเพย์
2026-08-01,11:51,BB00011,มัทฉะลาเต้,ชา,1,75,75,QR พร้อมเพย์
2026-08-01,13:41,BB00012,เอสเพรสโซ่,กาแฟ,1,50,50,QR พร้อมเพย์
2026-08-01,13:41,BB00012,ครัวซองต์,เบเกอรี่,1,65,65,QR พร้อมเพย์
2026-08-01,17:22,BB00013,อเมริกาโน่,กาแฟ,1,55,55,เงินสด
2026-08-01,08:15,BB00014,ชาไทย,ชา,1,55,55,QR พร้อมเพย์
2026-08-01,08:15,BB00014,มอคค่า,กาแฟ,1,70,70,QR พร้อมเพย์
2026-08-01,08:15,BB00014,อเมริกาโน่,กาแฟ,1,55,55,QR พร้อมเพย์
2026-08-01,12:45,BB00015,ครัวซองต์,เบเกอรี่,2,65,130,QR พร้อมเพย์
2026-08-01,08:11,BB00016,อเมริกาโน่,กาแฟ,2,55,110,เงินสด
2026-08-01,08:11,BB00016,ลาเต้,กาแฟ,1,65,65,เงินสด
2026-08-01,08:34,BB00017,ชีสเค้ก,เบเกอรี่,1,85,85,QR พร้อมเพย์
2026-08-01,12:39,BB00018,เอสเพรสโซ่,กาแฟ,2,50,100,QR พร้อมเพย์
2026-08-01,12:39,BB00018,บราวนี่,เบเกอรี่,1,55,55,QR พร้อมเพย์
2026-08-01,12:25,BB00019,มัทฉะลาเต้,ชา,1,75,75,QR พร้อมเพย์
2026-08-01,08:13,BB00020,มัทฉะลาเต้,ชา,1,75,75,QR พร้อมเพย์
2026-08-01,12:34,BB00021,อเมริกาโน่,กาแฟ,2,55,110,เงินสด
2026-08-01,12:09,BB00022,มัทฉะลาเต้,ชา,1,75,75,QR พร้อมเพย์
2026-08-01,12:09,BB00022,อเมริกาโน่,กาแฟ,1,55,55,QR พร้อมเพย์
2026-08-01,12:09,BB00022,ชีสเค้ก,เบเกอรี่,1,85,85,QR พร้อมเพย์
2026-08-01,10:09,BB00023,ลาเต้,กาแฟ,2,65,130,เงินสด
2026-08-01,08:01,BB00024,คาปูชิโน่,กาแฟ,1,65,65,เงินสด
2026-08-01,08:01,BB00024,บราวนี่,เบเกอรี่,1,55,55,เงินสด
2026-08-01,08:01,BB00024,ลาเต้,กาแฟ,1,65,65,เงินสด
2026-08-01,08:54,BB00025,ลาเต้,กาแฟ,1,65,65,เงินสด
2026-08-01,12:49,BB00026,มัทฉะลาเต้,ชา,1,75,75,QR พร้อมเพย์
2026-08-01,12:49,BB00026,โกโก้,ไม่ใช่กาแฟ,1,60,60,QR พร้อมเพย์
2026-08-01,09:25,BB00027,ชาไทย,ชา,1,55,55,QR พร้อมเพย์
2026-08-01,07:01,BB00028,ลาเต้,กาแฟ,1,65,65,QR พร้อมเพย์
2026-08-01,10:51,BB00029,ชีสเค้ก,เบเกอรี่,1,85,85,บัตรเครดิต
2026-08-01,10:51,BB00029,ลาเต้,กาแฟ,1,65,65,บัตรเครดิต
2026-08-01,10:51,BB00029,ลาเต้,กาแฟ,1,65,65,บัตรเครดิต
2026-08-01,13:57,BB00030,บราวนี่,เบเกอรี่,1,55,55,QR พร้อมเพย์
2026-08-01,13:53,BB00031,นมสดคาราเมล,ไม่ใช่กาแฟ,1,60,60,QR พร้อมเพย์
2026-08-01,13:53,BB00031,ชาไทย,ชา,1,55,55,QR พร้อมเพย์
2026-08-01,13:53,BB00031,นมสดคาราเมล,ไม่ใช่กาแฟ,1,60,60,QR พร้อมเพย์
2026-08-01,15:46,BB00032,บราวนี่,เบเกอรี่,1,55,55,QR พร้อมเพย์
2026-08-01,09:08,BB00033,เอสเพรสโซ่,กาแฟ,1,50,50,เงินสด
2026-08-01,12:38,BB00034,คาปูชิโน่,กาแฟ,1,65,65,บัตรเครดิต
2026-08-01,12:38,BB00034,อเมริกาโน่,กาแฟ,1,55,55,บัตรเครดิต
2026-08-01,18:41,BB00035,อเมริกาโน่,กาแฟ,2,55,110,เงินสด
2026-08-01,18:41,BB00035,ลาเต้,กาแฟ,2,65,130,เงินสด
2026-08-01,07:13,BB00036,มัทฉะลาเต้,ชา,1,75,75,เงินสด
2026-08-01,11:08,BB00037,บราวนี่,เบเกอรี่,1,55,55,เงินสด
2026-08-01,11:08,BB00037,นมสดคาราเมล,ไม่ใช่กาแฟ,1,60,60,เงินสด
2026-08-01,15:56,BB00038,ชาไทย,ชา,1,55,55,QR พร้อมเพย์
2026-08-01,11:11,BB00039,อเมริกาโน่,กาแฟ,1,55,55,QR พร้อมเพย์
2026-08-01,11:11,BB00039,มัทฉะลาเต้,ชา,1,75,75,QR พร้อมเพย์
2026-08-01,08:43,BB00040,นมสดคาราเมล,ไม่ใช่กาแฟ,1,60,60,QR พร้อมเพย์
2026-08-01,12:15,BB00041,อเมริกาโน่,กาแฟ,1,55,55,เงินสด
2026-08-01,07:57,BB00042,มัทฉะลาเต้,ชา,1,75,75,บัตรเครดิต
2026-08-01,12:44,BB00043,นมสดคาราเมล,ไม่ใช่กาแฟ,1,60,60,เงินสด
2026-08-01,09:33,BB00044,ลาเต้,กาแฟ,1,65,65,QR พร้อมเพย์
2026-08-01,09:33,BB00044,บราวนี่,เบเกอรี่,2,55,110,QR พร้อมเพย์
2026-08-01,09:33,BB00044,อเมริกาโน่,กาแฟ,1,55,55,QR พร้อมเพย์
2026-08-01,11:04,BB00045,ลาเต้,กาแฟ,1,65,65,QR พร้อมเพย์
2026-08-01,08:49,BB00046,มัทฉะลาเต้,ชา,1,75,75,เงินสด
2026-08-01,08:49,BB00046,ครัวซองต์,เบเกอรี่,2,65,130,เงินสด
2026-08-01,09:06,BB00047,ชีสเค้ก,เบเกอรี่,2,85,170,QR พร้อมเพย์
2026-08-01,08:27,BB00048,มอคค่า,กาแฟ,1,70,70,บัตรเครดิต
2026-08-01,08:23,BB00049,มอคค่า,กาแฟ,1,70,70,เงินสด
2026-08-01,10:39,BB00050,อเมริกาโน่,กาแฟ,2,55,110,เงินสด
2026-08-01,10:39,BB00050,ลาเต้,กาแฟ,2,65,130,เงินสด
2026-08-01,10:39,BB00050,อเมริกาโน่,กาแฟ,1,55,55,เงินสด
2026-08-01,16:11,BB00051,มอคค่า,กาแฟ,2,70,140,เงินสด
2026-08-01,15:16,BB00052,ชาไทย,ชา,1,55,55,QR พร้อมเพย์
2026-08-01,10:17,BB00053,มอคค่า,กาแฟ,1,70,70,เงินสด
2026-08-01,10:17,BB00053,บราวนี่,เบเกอรี่,1,55,55,เงินสด
2026-08-01,15:05,BB00054,ลาเต้,กาแฟ,1,65,65,QR พร้อมเพย์
2026-08-01,07:35,BB00055,มัทฉะลาเต้,ชา,1,75,75,QR พร้อมเพย์
2026-08-01,07:35,BB00055,ชามะนาว,ชา,2,45,90,QR พร้อมเพย์
2026-08-01,07:35,BB00055,ชีสเค้ก,เบเกอรี่,1,85,85,QR พร้อมเพย์
2026-08-01,09:59,BB00056,โกโก้,ไม่ใช่กาแฟ,1,60,60,QR พร้อมเพย์
2026-08-01,11:11,BB00057,ชีสเค้ก,เบเกอรี่,1,85,85,เงินสด
2026-08-01,11:11,BB00057,อเมริกาโน่,กาแฟ,1,55,55,เงินสด
2026-08-01,18:32,BB00058,อเมริกาโน่,กาแฟ,2,55,110,QR พร้อมเพย์
2026-08-01,18:32,BB00058,มอคค่า,กาแฟ,1,70,70,QR พร้อมเพย์
2026-08-01,18:32,BB00058,ครัวซองต์,เบเกอรี่,1,65,65,QR พร้อมเพย์
2026-08-01,11:44,BB00059,ลาเต้,กาแฟ,2,65,130,เงินสด
2026-08-01,14:08,BB00060,อเมริกาโน่,กาแฟ,1,55,55,QR พร้อมเพย์
2026-08-01,08:47,BB00061,อเมริกาโน่,กาแฟ,1,55,55,QR พร้อมเพย์
2026-08-01,10:32,BB00062,ลาเต้,กาแฟ,1,65,65,QR พร้อมเพย์
2026-08-01,11:10,BB00063,คาปูชิโน่,กาแฟ,1,65,65,เงินสด
2026-08-01,18:20,BB00064,คาปูชิโน่,กาแฟ,1,65,65,เงินสด
2026-08-01,18:20,BB00064,อเมริกาโน่,กาแฟ,1,55,55,เงินสด
2026-08-01,18:20,BB00064,เอสเพรสโซ่,กาแฟ,1,50,50,เงินสด
2026-08-01,09:32,BB00065,นมสดคาราเมล,ไม่ใช่กาแฟ,1,60,60,QR พร้อมเพย์
2026-08-01,12:25,BB00066,ลาเต้,กาแฟ,1,65,65,เงินสด
2026-08-02,15:09,BB00067,ครัวซองต์,เบเกอรี่,1,65,65,QR พร้อมเพย์
2026-08-02,15:09,BB00067,คาปูชิโน่,กาแฟ,2,65,130,QR พร้อมเพย์
2026-08-02,08:46,BB00068,ครัวซองต์,เบเกอรี่,1,65,65,QR พร้อมเพย์
2026-08-02,12:27,BB00069,อเมริกาโน่,กาแฟ,1,55,55,QR พร้อมเพย์
2026-08-02,12:27,BB00069,ชาไทย,ชา,2,55,110,QR พร้อมเพย์
2026-08-02,15:52,BB00070,ชามะนาว,ชา,2,45,90,QR พร้อมเพย์
2026-08-02,15:52,BB00070,มัทฉะลาเต้,ชา,1,75,75,QR พร้อมเพย์
2026-08-02,07:40,BB00071,ครัวซองต์,เบเกอรี่,1,65,65,QR พร้อมเพย์
2026-08-02,13:40,BB00072,ลาเต้,กาแฟ,1,65,65,QR พร้อมเพย์
2026-08-02,08:59,BB00073,มัทฉะลาเต้,ชา,1,75,75,QR พร้อมเพย์
2026-08-02,14:16,BB00074,ลาเต้,กาแฟ,1,65,65,QR พร้อมเพย์
2026-08-02,14:16,BB00074,ลาเต้,กาแฟ,1,65,65,QR พร้อมเพย์
2026-08-02,11:54,BB00075,ชามะนาว,ชา,1,45,45,QR พร้อมเพย์
2026-08-02,13:41,BB00076,คาปูชิโน่,กาแฟ,1,65,65,เงินสด
2026-08-02,13:39,BB00077,อเมริกาโน่,กาแฟ,1,55,55,QR พร้อมเพย์
2026-08-02,13:44,BB00078,ชามะนาว,ชา,1,45,45,เงินสด
2026-08-02,11:49,BB00079,ลาเต้,กาแฟ,2,65,130,เงินสด
2026-08-02,11:49,BB00079,บราวนี่,เบเกอรี่,1,55,55,เงินสด
2026-08-02,11:52,BB00080,ชีสเค้ก,เบเกอรี่,1,85,85,QR พร้อมเพย์
2026-08-02,11:52,BB00080,บราวนี่,เบเกอรี่,2,55,110,QR พร้อมเพย์
2026-08-02,11:52,BB00080,อเมริกาโน่,กาแฟ,1,55,55,QR พร้อมเพย์
2026-08-02,14:16,BB00081,นมสดคาราเมล,ไม่ใช่กาแฟ,1,60,60,บัตรเครดิต
2026-08-02,16:45,BB00082,ครัวซองต์,เบเกอรี่,1,65,65,QR พร้อมเพย์
2026-08-02,08:31,BB00083,โกโก้,ไม่ใช่กาแฟ,1,60,60,QR พร้อมเพย์
2026-08-02,10:07,BB00084,โกโก้,ไม่ใช่กาแฟ,2,60,120,QR พร้อมเพย์
2026-08-02,08:59,BB00085,โกโก้,ไม่ใช่กาแฟ,1,60,60,เงินสด
2026-08-02,08:24,BB00086,คาปูชิโน่,กาแฟ,1,65,65,บัตรเครดิต
2026-08-02,09:03,BB00087,มัทฉะลาเต้,ชา,1,75,75,เงินสด
2026-08-02,08:17,BB00088,โกโก้,ไม่ใช่กาแฟ,1,60,60,QR พร้อมเพย์
2026-08-02,11:01,BB00089,บราวนี่,เบเกอรี่,2,55,110,QR พร้อมเพย์
2026-08-02,11:01,BB00089,ชาไทย,ชา,1,55,55,QR พร้อมเพย์
2026-08-02,08:46,BB00090,อเมริกาโน่,กาแฟ,2,55,110,QR พร้อมเพย์
2026-08-02,08:46,BB00090,ชาไทย,ชา,2,55,110,QR พร้อมเพย์
2026-08-02,12:10,BB00091,ลาเต้,กาแฟ,1,65,65,QR พร้อมเพย์
2026-08-02,18:16,BB00092,ชาไทย,ชา,1,55,55,QR พร้อมเพย์
2026-08-02,08:41,BB00093,บราวนี่,เบเกอรี่,1,55,55,เงินสด
2026-08-02,09:58,BB00094,มอคค่า,กาแฟ,1,70,70,QR พร้อมเพย์
2026-08-02,09:58,BB00094,ลาเต้,กาแฟ,1,65,65,QR พร้อมเพย์
2026-08-02,12:20,BB00095,ชาไทย,ชา,2,55,110,เงินสด
2026-08-02,14:26,BB00096,ลาเต้,กาแฟ,1,65,65,QR พร้อมเพย์
2026-08-02,14:26,BB00096,โกโก้,ไม่ใช่กาแฟ,1,60,60,QR พร้อมเพย์
2026-08-02,12:23,BB00097,มัทฉะลาเต้,ชา,2,75,150,เงินสด
2026-08-02,09:17,BB00098,มัทฉะลาเต้,ชา,1,75,75,QR พร้อมเพย์
2026-08-02,10:52,BB00099,อเมริกาโน่,กาแฟ,1,55,55,QR พร้อมเพย์
2026-08-02,16:30,BB00100,อเมริกาโน่,กาแฟ,2,55,110,บัตรเครดิต
2026-08-02,17:33,BB00101,ลาเต้,กาแฟ,1,65,65,QR พร้อมเพย์
2026-08-02,17:33,BB00101,อเมริกาโน่,กาแฟ,1,55,55,QR พร้อมเพย์
2026-08-02,17:33,BB00101,ชามะนาว,ชา,2,45,90,QR พร้อมเพย์
2026-08-02,14:41,BB00102,อเมริกาโน่,กาแฟ,1,55,55,QR พร้อมเพย์
2026-08-02,14:41,BB00102,อเมริกาโน่,กาแฟ,1,55,55,QR พร้อมเพย์
2026-08-02,12:02,BB00103,อเมริกาโน่,กาแฟ,1,55,55,QR พร้อมเพย์
2026-08-02,13:44,BB00104,ลาเต้,กาแฟ,2,65,130,QR พร้อมเพย์
2026-08-02,09:16,BB00105,อเมริกาโน่,กาแฟ,1,55,55,เงินสด
2026-08-02,09:16,BB00105,เอสเพรสโซ่,กาแฟ,2,50,100,เงินสด
2026-08-02,13:56,BB00106,ชาไทย,ชา,1,55,55,เงินสด
2026-08-02,10:41,BB00107,ชาไทย,ชา,1,55,55,QR พร้อมเพย์
2026-08-02,11:16,BB00108,คาปูชิโน่,กาแฟ,1,65,65,เงินสด
2026-08-02,13:45,BB00109,ลาเต้,กาแฟ,1,65,65,QR พร้อมเพย์
2026-08-02,13:45,BB00109,โกโก้,ไม่ใช่กาแฟ,1,60,60,QR พร้อมเพย์
2026-08-02,09:12,BB00110,ลาเต้,กาแฟ,1,65,65,QR พร้อมเพย์
2026-08-02,09:12,BB00110,โกโก้,ไม่ใช่กาแฟ,1,60,60,QR พร้อมเพย์
2026-08-02,17:31,BB00111,ชาไทย,ชา,2,55,110,QR พร้อมเพย์
2026-08-02,17:31,BB00111,อเมริกาโน่,กาแฟ,1,55,55,QR พร้อมเพย์
2026-08-02,16:03,BB00112,อเมริกาโน่,กาแฟ,1,55,55,เงินสด
2026-08-02,16:03,BB00112,อเมริกาโน่,กาแฟ,1,55,55,เงินสด
2026-08-02,16:03,BB00112,บราวนี่,เบเกอรี่,2,55,110,เงินสด
2026-08-02,14:05,BB00113,ลาเต้,กาแฟ,2,65,130,บัตรเครดิต
2026-08-02,14:02,BB00114,ครัวซองต์,เบเกอรี่,2,65,130,QR พร้อมเพย์
2026-08-02,14:02,BB00114,เอสเพรสโซ่,กาแฟ,1,50,50,QR พร้อมเพย์
2026-08-02,08:05,BB00115,อเมริกาโน่,กาแฟ,2,55,110,QR พร้อมเพย์
2026-08-02,08:05,BB00115,ลาเต้,กาแฟ,1,65,65,QR พร้อมเพย์
2026-08-02,08:05,BB00115,ครัวซองต์,เบเกอรี่,2,65,130,QR พร้อมเพย์
2026-08-02,11:03,BB00116,ชาไทย,ชา,1,55,55,QR พร้อมเพย์
2026-08-02,10:47,BB00117,มอคค่า,กาแฟ,2,70,140,QR พร้อมเพย์
2026-08-02,14:02,BB00118,นมสดคาราเมล,ไม่ใช่กาแฟ,1,60,60,QR พร้อมเพย์
2026-08-02,09:04,BB00119,ลาเต้,กาแฟ,2,65,130,QR พร้อมเพย์
2026-08-02,13:16,BB00120,บราวนี่,เบเกอรี่,1,55,55,QR พร้อมเพย์
2026-08-02,13:16,BB00120,โกโก้,ไม่ใช่กาแฟ,1,60,60,QR พร้อมเพย์
2026-08-02,15:04,BB00121,เอสเพรสโซ่,กาแฟ,2,50,100,เงินสด
2026-08-02,17:24,BB00122,นมสดคาราเมล,ไม่ใช่กาแฟ,1,60,60,QR พร้อมเพย์
2026-08-02,17:24,BB00122,ชาไทย,ชา,1,55,55,QR พร้อมเพย์
2026-08-02,17:24,BB00122,บราวนี่,เบเกอรี่,1,55,55,QR พร้อมเพย์
2026-08-02,13:09,BB00123,คาปูชิโน่,กาแฟ,1,65,65,QR พร้อมเพย์
2026-08-02,14:05,BB00124,อเมริกาโน่,กาแฟ,1,55,55,QR พร้อมเพย์
2026-08-02,13:30,BB00125,ชีสเค้ก,เบเกอรี่,2,85,170,QR พร้อมเพย์
2026-08-02,18:16,BB00126,มอคค่า,กาแฟ,2,70,140,QR พร้อมเพย์
2026-08-02,18:11,BB00127,มัทฉะลาเต้,ชา,1,75,75,เงินสด
2026-08-02,14:54,BB00128,นมสดคาราเมล,ไม่ใช่กาแฟ,1,60,60,QR พร้อมเพย์
2026-08-02,14:54,BB00128,ลาเต้,กาแฟ,1,65,65,QR พร้อมเพย์
2026-08-02,09:16,BB00129,ลาเต้,กาแฟ,1,65,65,เงินสด
2026-08-02,16:37,BB00130,ลาเต้,กาแฟ,1,65,65,เงินสด
2026-08-02,12:41,BB00131,ชีสเค้ก,เบเกอรี่,1,85,85,QR พร้อมเพย์
2026-08-02,12:41,BB00131,เอสเพรสโซ่,กาแฟ,2,50,100,QR พร้อมเพย์
2026-08-02,15:58,BB00132,ลาเต้,กาแฟ,1,65,65,QR พร้อมเพย์
2026-08-02,15:58,BB00132,มัทฉะลาเต้,ชา,2,75,150,QR พร้อมเพย์
2026-08-02,09:04,BB00133,เอสเพรสโซ่,กาแฟ,1,50,50,QR พร้อมเพย์
2026-08-02,09:04,BB00133,นมสดคาราเมล,ไม่ใช่กาแฟ,2,60,120,QR พร้อมเพย์
2026-08-02,08:38,BB00134,อเมริกาโน่,กาแฟ,1,55,55,QR พร้อมเพย์
2026-08-02,07:16,BB00135,บราวนี่,เบเกอรี่,2,55,110,เงินสด
2026-08-02,07:16,BB00135,นมสดคาราเมล,ไม่ใช่กาแฟ,1,60,60,เงินสด
2026-08-02,10:39,BB00136,นมสดคาราเมล,ไม่ใช่กาแฟ,1,60,60,QR พร้อมเพย์
2026-08-02,08:06,BB00137,อเมริกาโน่,กาแฟ,1,55,55,QR พร้อมเพย์
2026-08-02,08:06,BB00137,มัทฉะลาเต้,ชา,1,75,75,QR พร้อมเพย์
2026-08-02,09:18,BB00138,อเมริกาโน่,กาแฟ,1,55,55,QR พร้อมเพย์
2026-08-03,10:01,BB00139,คาปูชิโน่,กาแฟ,1,65,65,QR พร้อมเพย์
2026-08-03,10:01,BB00139,โกโก้,ไม่ใช่กาแฟ,1,60,60,QR พร้อมเพย์
2026-08-03,10:01,BB00139,อเมริกาโน่,กาแฟ,2,55,110,QR พร้อมเพย์
2026-08-03,11:52,BB00140,คาปูชิโน่,กาแฟ,1,65,65,เงินสด
2026-08-03,08:03,BB00141,บราวนี่,เบเกอรี่,1,55,55,QR พร้อมเพย์
2026-08-03,08:03,BB00141,มัทฉะลาเต้,ชา,1,75,75,QR พร้อมเพย์
2026-08-03,11:09,BB00142,ลาเต้,กาแฟ,1,65,65,QR พร้อมเพย์
2026-08-03,10:48,BB00143,ลาเต้,กาแฟ,1,65,65,QR พร้อมเพย์
2026-08-03,10:48,BB00143,บราวนี่,เบเกอรี่,2,55,110,QR พร้อมเพย์
2026-08-03,10:48,BB00143,ชาไทย,ชา,1,55,55,QR พร้อมเพย์
2026-08-03,17:24,BB00144,ชามะนาว,ชา,2,45,90,เงินสด
2026-08-03,17:24,BB00144,มัทฉะลาเต้,ชา,2,75,150,เงินสด
2026-08-03,13:39,BB00145,ลาเต้,กาแฟ,1,65,65,QR พร้อมเพย์
2026-08-03,13:39,BB00145,มอคค่า,กาแฟ,1,70,70,QR พร้อมเพย์
2026-08-03,10:07,BB00146,นมสดคาราเมล,ไม่ใช่กาแฟ,1,60,60,เงินสด
2026-08-03,10:07,BB00146,ครัวซองต์,เบเกอรี่,2,65,130,เงินสด
2026-08-03,10:07,BB00146,ชามะนาว,ชา,1,45,45,เงินสด
2026-08-03,10:24,BB00147,มัทฉะลาเต้,ชา,1,75,75,QR พร้อมเพย์
2026-08-03,11:37,BB00148,คาปูชิโน่,กาแฟ,1,65,65,เงินสด
2026-08-03,09:00,BB00149,ลาเต้,กาแฟ,1,65,65,QR พร้อมเพย์
2026-08-03,14:29,BB00150,มอคค่า,กาแฟ,1,70,70,QR พร้อมเพย์
2026-08-03,14:29,BB00150,คาปูชิโน่,กาแฟ,1,65,65,QR พร้อมเพย์
2026-08-03,15:32,BB00151,มัทฉะลาเต้,ชา,1,75,75,QR พร้อมเพย์
2026-08-03,14:49,BB00152,โกโก้,ไม่ใช่กาแฟ,2,60,120,QR พร้อมเพย์
2026-08-03,13:50,BB00153,ชีสเค้ก,เบเกอรี่,1,85,85,เงินสด
2026-08-03,13:50,BB00153,นมสดคาราเมล,ไม่ใช่กาแฟ,1,60,60,เงินสด
2026-08-03,18:31,BB00154,นมสดคาราเมล,ไม่ใช่กาแฟ,1,60,60,เงินสด
2026-08-03,18:31,BB00154,โกโก้,ไม่ใช่กาแฟ,1,60,60,เงินสด
2026-08-03,15:39,BB00155,บราวนี่,เบเกอรี่,1,55,55,QR พร้อมเพย์
2026-08-03,15:09,BB00156,ชาไทย,ชา,1,55,55,เงินสด
2026-08-03,15:09,BB00156,มัทฉะลาเต้,ชา,1,75,75,เงินสด
2026-08-03,15:09,BB00156,คาปูชิโน่,กาแฟ,1,65,65,เงินสด
2026-08-03,10:40,BB00157,บราวนี่,เบเกอรี่,1,55,55,บัตรเครดิต
2026-08-03,10:40,BB00157,นมสดคาราเมล,ไม่ใช่กาแฟ,1,60,60,บัตรเครดิต
2026-08-03,12:40,BB00158,เอสเพรสโซ่,กาแฟ,1,50,50,QR พร้อมเพย์
2026-08-03,12:40,BB00158,ชามะนาว,ชา,2,45,90,QR พร้อมเพย์
2026-08-03,12:40,BB00158,ลาเต้,กาแฟ,1,65,65,QR พร้อมเพย์
2026-08-03,15:47,BB00159,ชีสเค้ก,เบเกอรี่,1,85,85,QR พร้อมเพย์
2026-08-03,10:48,BB00160,มัทฉะลาเต้,ชา,2,75,150,เงินสด
2026-08-03,09:33,BB00161,ชีสเค้ก,เบเกอรี่,1,85,85,เงินสด
2026-08-03,09:33,BB00161,มัทฉะลาเต้,ชา,1,75,75,เงินสด
2026-08-03,07:02,BB00162,มัทฉะลาเต้,ชา,1,75,75,เงินสด
2026-08-03,10:03,BB00163,มัทฉะลาเต้,ชา,1,75,75,เงินสด
2026-08-03,07:22,BB00164,ชาไทย,ชา,1,55,55,QR พร้อมเพย์
2026-08-03,09:08,BB00165,เอสเพรสโซ่,กาแฟ,1,50,50,เงินสด
2026-08-03,09:08,BB00165,บราวนี่,เบเกอรี่,1,55,55,เงินสด
2026-08-03,08:06,BB00166,มัทฉะลาเต้,ชา,1,75,75,เงินสด
2026-08-03,15:00,BB00167,ครัวซองต์,เบเกอรี่,1,65,65,เงินสด
2026-08-03,15:00,BB00167,ชาไทย,ชา,1,55,55,เงินสด
2026-08-03,12:31,BB00168,อเมริกาโน่,กาแฟ,1,55,55,เงินสด
2026-08-03,12:31,BB00168,มอคค่า,กาแฟ,1,70,70,เงินสด
2026-08-03,12:31,BB00168,อเมริกาโน่,กาแฟ,1,55,55,เงินสด
2026-08-03,07:35,BB00169,มอคค่า,กาแฟ,1,70,70,QR พร้อมเพย์
2026-08-03,13:41,BB00170,ลาเต้,กาแฟ,1,65,65,QR พร้อมเพย์
2026-08-03,13:41,BB00170,ลาเต้,กาแฟ,1,65,65,QR พร้อมเพย์
2026-08-03,16:50,BB00171,คาปูชิโน่,กาแฟ,1,65,65,QR พร้อมเพย์
2026-08-03,16:05,BB00172,ลาเต้,กาแฟ,1,65,65,QR พร้อมเพย์
2026-08-03,09:02,BB00173,บราวนี่,เบเกอรี่,2,55,110,เงินสด
2026-08-03,09:02,BB00173,ลาเต้,กาแฟ,1,65,65,เงินสด
2026-08-03,13:43,BB00174,ชาไทย,ชา,1,55,55,QR พร้อมเพย์
2026-08-03,13:43,BB00174,มัทฉะลาเต้,ชา,2,75,150,QR พร้อมเพย์
2026-08-03,09:56,BB00175,บราวนี่,เบเกอรี่,2,55,110,QR พร้อมเพย์
2026-08-03,09:10,BB00176,ครัวซองต์,เบเกอรี่,1,65,65,QR พร้อมเพย์
2026-08-03,09:58,BB00177,ชีสเค้ก,เบเกอรี่,2,85,170,QR พร้อมเพย์
2026-08-03,09:58,BB00177,ชาไทย,ชา,1,55,55,QR พร้อมเพย์
2026-08-03,09:58,BB00177,ชาไทย,ชา,1,55,55,QR พร้อมเพย์
2026-08-03,07:46,BB00178,นมสดคาราเมล,ไม่ใช่กาแฟ,1,60,60,เงินสด
2026-08-03,07:46,BB00178,มัทฉะลาเต้,ชา,1,75,75,เงินสด
2026-08-03,09:02,BB00179,บราวนี่,เบเกอรี่,1,55,55,เงินสด
2026-08-03,08:01,BB00180,มัทฉะลาเต้,ชา,1,75,75,เงินสด
2026-08-03,08:02,BB00181,คาปูชิโน่,กาแฟ,2,65,130,เงินสด
2026-08-03,15:57,BB00182,โกโก้,ไม่ใช่กาแฟ,1,60,60,QR พร้อมเพย์
2026-08-03,15:57,BB00182,มอคค่า,กาแฟ,1,70,70,QR พร้อมเพย์
2026-08-03,09:02,BB00183,นมสดคาราเมล,ไม่ใช่กาแฟ,1,60,60,เงินสด
2026-08-03,09:02,BB00183,ครัวซองต์,เบเกอรี่,1,65,65,เงินสด
2026-08-03,09:06,BB00184,มัทฉะลาเต้,ชา,1,75,75,เงินสด
2026-08-03,09:06,BB00184,คาปูชิโน่,กาแฟ,1,65,65,เงินสด
2026-08-03,10:59,BB00185,คาปูชิโน่,กาแฟ,1,65,65,เงินสด
2026-08-03,10:59,BB00185,ชีสเค้ก,เบเกอรี่,1,85,85,เงินสด
2026-08-03,15:39,BB00186,อเมริกาโน่,กาแฟ,1,55,55,QR พร้อมเพย์
2026-08-03,15:39,BB00186,อเมริกาโน่,กาแฟ,1,55,55,QR พร้อมเพย์
2026-08-03,08:36,BB00187,อเมริกาโน่,กาแฟ,2,55,110,เงินสด
2026-08-03,08:36,BB00187,ลาเต้,กาแฟ,1,65,65,เงินสด
2026-08-04,09:48,BB00188,ชาไทย,ชา,1,55,55,บัตรเครดิต
2026-08-04,15:11,BB00189,ชีสเค้ก,เบเกอรี่,1,85,85,บัตรเครดิต
2026-08-04,12:10,BB00190,ชามะนาว,ชา,1,45,45,เงินสด
2026-08-04,08:40,BB00191,ชีสเค้ก,เบเกอรี่,1,85,85,QR พร้อมเพย์
2026-08-04,08:20,BB00192,มอคค่า,กาแฟ,2,70,140,QR พร้อมเพย์
2026-08-04,08:56,BB00193,ลาเต้,กาแฟ,1,65,65,QR พร้อมเพย์
2026-08-04,12:10,BB00194,ลาเต้,กาแฟ,1,65,65,QR พร้อมเพย์
2026-08-04,12:10,BB00194,ชาไทย,ชา,1,55,55,QR พร้อมเพย์
2026-08-04,14:41,BB00195,ชาไทย,ชา,2,55,110,เงินสด
2026-08-04,11:35,BB00196,มอคค่า,กาแฟ,1,70,70,QR พร้อมเพย์
2026-08-04,12:08,BB00197,ชามะนาว,ชา,1,45,45,QR พร้อมเพย์
2026-08-04,12:08,BB00197,ลาเต้,กาแฟ,1,65,65,QR พร้อมเพย์
2026-08-04,15:39,BB00198,ลาเต้,กาแฟ,1,65,65,เงินสด
2026-08-04,12:10,BB00199,ลาเต้,กาแฟ,2,65,130,เงินสด
2026-08-04,12:10,BB00199,ชีสเค้ก,เบเกอรี่,1,85,85,เงินสด
2026-08-04,12:10,BB00199,มัทฉะลาเต้,ชา,1,75,75,เงินสด
2026-08-04,08:09,BB00200,มอคค่า,กาแฟ,1,70,70,QR พร้อมเพย์
2026-08-04,08:09,BB00200,มัทฉะลาเต้,ชา,1,75,75,QR พร้อมเพย์
2026-08-04,09:24,BB00201,ครัวซองต์,เบเกอรี่,1,65,65,QR พร้อมเพย์
2026-08-04,09:40,BB00202,ลาเต้,กาแฟ,1,65,65,เงินสด
2026-08-04,07:15,BB00203,ชาไทย,ชา,1,55,55,บัตรเครดิต
2026-08-04,11:14,BB00204,ครัวซองต์,เบเกอรี่,1,65,65,QR พร้อมเพย์
2026-08-04,11:14,BB00204,มัทฉะลาเต้,ชา,1,75,75,QR พร้อมเพย์
2026-08-04,09:07,BB00205,มัทฉะลาเต้,ชา,1,75,75,QR พร้อมเพย์
2026-08-04,11:50,BB00206,อเมริกาโน่,กาแฟ,2,55,110,QR พร้อมเพย์
2026-08-04,11:50,BB00206,ชาไทย,ชา,1,55,55,QR พร้อมเพย์
2026-08-04,15:33,BB00207,ลาเต้,กาแฟ,1,65,65,QR พร้อมเพย์
2026-08-04,15:33,BB00207,นมสดคาราเมล,ไม่ใช่กาแฟ,1,60,60,QR พร้อมเพย์
2026-08-04,15:33,BB00207,ชาไทย,ชา,2,55,110,QR พร้อมเพย์
2026-08-04,07:34,BB00208,บราวนี่,เบเกอรี่,1,55,55,เงินสด
2026-08-04,07:34,BB00208,คาปูชิโน่,กาแฟ,2,65,130,เงินสด
2026-08-04,11:13,BB00209,มัทฉะลาเต้,ชา,2,75,150,QR พร้อมเพย์
2026-08-04,12:26,BB00210,ชีสเค้ก,เบเกอรี่,1,85,85,QR พร้อมเพย์
2026-08-04,12:59,BB00211,คาปูชิโน่,กาแฟ,1,65,65,เงินสด
2026-08-04,12:59,BB00211,ลาเต้,กาแฟ,1,65,65,เงินสด
2026-08-04,12:59,BB00211,อเมริกาโน่,กาแฟ,1,55,55,เงินสด
2026-08-04,11:44,BB00212,อเมริกาโน่,กาแฟ,1,55,55,QR พร้อมเพย์
2026-08-04,10:33,BB00213,ชีสเค้ก,เบเกอรี่,1,85,85,บัตรเครดิต
2026-08-04,10:33,BB00213,อเมริกาโน่,กาแฟ,2,55,110,บัตรเครดิต
2026-08-04,10:33,BB00213,อเมริกาโน่,กาแฟ,1,55,55,บัตรเครดิต
2026-08-04,09:41,BB00214,ชีสเค้ก,เบเกอรี่,1,85,85,QR พร้อมเพย์
2026-08-04,13:52,BB00215,ชีสเค้ก,เบเกอรี่,1,85,85,QR พร้อมเพย์
2026-08-04,13:49,BB00216,ครัวซองต์,เบเกอรี่,1,65,65,QR พร้อมเพย์
2026-08-04,10:16,BB00217,ชาไทย,ชา,2,55,110,บัตรเครดิต
2026-08-04,10:16,BB00217,นมสดคาราเมล,ไม่ใช่กาแฟ,1,60,60,บัตรเครดิต
2026-08-04,13:20,BB00218,มัทฉะลาเต้,ชา,1,75,75,QR พร้อมเพย์
2026-08-04,10:59,BB00219,อเมริกาโน่,กาแฟ,1,55,55,QR พร้อมเพย์
2026-08-04,10:08,BB00220,ชาไทย,ชา,1,55,55,QR พร้อมเพย์
2026-08-04,09:04,BB00221,อเมริกาโน่,กาแฟ,1,55,55,QR พร้อมเพย์
2026-08-04,09:49,BB00222,ลาเต้,กาแฟ,1,65,65,QR พร้อมเพย์
2026-08-04,09:49,BB00222,ชาไทย,ชา,1,55,55,QR พร้อมเพย์
2026-08-04,13:50,BB00223,ชาไทย,ชา,1,55,55,เงินสด
2026-08-04,13:50,BB00223,ลาเต้,กาแฟ,1,65,65,เงินสด
2026-08-04,13:50,BB00223,ลาเต้,กาแฟ,1,65,65,เงินสด
2026-08-04,15:42,BB00224,ลาเต้,กาแฟ,1,65,65,QR พร้อมเพย์
2026-08-04,08:31,BB00225,บราวนี่,เบเกอรี่,1,55,55,QR พร้อมเพย์
2026-08-04,09:10,BB00226,อเมริกาโน่,กาแฟ,2,55,110,QR พร้อมเพย์
2026-08-04,09:10,BB00226,เอสเพรสโซ่,กาแฟ,1,50,50,QR พร้อมเพย์
2026-08-04,13:53,BB00227,ชีสเค้ก,เบเกอรี่,1,85,85,QR พร้อมเพย์
2026-08-04,09:23,BB00228,มัทฉะลาเต้,ชา,1,75,75,QR พร้อมเพย์
2026-08-04,17:21,BB00229,ชาไทย,ชา,1,55,55,QR พร้อมเพย์
2026-08-04,08:13,BB00230,คาปูชิโน่,กาแฟ,2,65,130,QR พร้อมเพย์
2026-08-04,08:13,BB00230,คาปูชิโน่,กาแฟ,1,65,65,QR พร้อมเพย์
2026-08-04,12:49,BB00231,คาปูชิโน่,กาแฟ,1,65,65,บัตรเครดิต
2026-08-05,15:18,BB00232,คาปูชิโน่,กาแฟ,2,65,130,QR พร้อมเพย์
2026-08-05,16:22,BB00233,นมสดคาราเมล,ไม่ใช่กาแฟ,1,60,60,บัตรเครดิต
2026-08-05,16:22,BB00233,คาปูชิโน่,กาแฟ,1,65,65,บัตรเครดิต
2026-08-05,12:40,BB00234,มอคค่า,กาแฟ,1,70,70,เงินสด
2026-08-05,12:40,BB00234,มอคค่า,กาแฟ,1,70,70,เงินสด
2026-08-05,12:40,BB00234,มอคค่า,กาแฟ,1,70,70,เงินสด
2026-08-05,08:52,BB00235,มัทฉะลาเต้,ชา,1,75,75,บัตรเครดิต
2026-08-05,08:52,BB00235,บราวนี่,เบเกอรี่,1,55,55,บัตรเครดิต
2026-08-05,13:40,BB00236,ครัวซองต์,เบเกอรี่,1,65,65,QR พร้อมเพย์
2026-08-05,13:40,BB00236,อเมริกาโน่,กาแฟ,1,55,55,QR พร้อมเพย์
2026-08-05,13:11,BB00237,อเมริกาโน่,กาแฟ,1,55,55,เงินสด
2026-08-05,16:41,BB00238,อเมริกาโน่,กาแฟ,1,55,55,เงินสด
2026-08-05,16:41,BB00238,ชามะนาว,ชา,2,45,90,เงินสด
2026-08-05,09:02,BB00239,มัทฉะลาเต้,ชา,2,75,150,QR พร้อมเพย์
2026-08-05,08:36,BB00240,โกโก้,ไม่ใช่กาแฟ,1,60,60,QR พร้อมเพย์
2026-08-05,08:36,BB00240,ชามะนาว,ชา,1,45,45,QR พร้อมเพย์
2026-08-05,08:43,BB00241,บราวนี่,เบเกอรี่,2,55,110,QR พร้อมเพย์
2026-08-05,11:26,BB00242,เอสเพรสโซ่,กาแฟ,2,50,100,QR พร้อมเพย์
2026-08-05,13:27,BB00243,อเมริกาโน่,กาแฟ,2,55,110,เงินสด
2026-08-05,13:27,BB00243,อเมริกาโน่,กาแฟ,2,55,110,เงินสด
2026-08-05,08:01,BB00244,เอสเพรสโซ่,กาแฟ,1,50,50,เงินสด
2026-08-05,16:23,BB00245,ครัวซองต์,เบเกอรี่,1,65,65,QR พร้อมเพย์
2026-08-05,16:23,BB00245,อเมริกาโน่,กาแฟ,1,55,55,QR พร้อมเพย์
2026-08-05,14:29,BB00246,บราวนี่,เบเกอรี่,1,55,55,QR พร้อมเพย์
2026-08-05,14:29,BB00246,อเมริกาโน่,กาแฟ,1,55,55,QR พร้อมเพย์
2026-08-05,16:43,BB00247,คาปูชิโน่,กาแฟ,1,65,65,QR พร้อมเพย์
2026-08-05,08:55,BB00248,คาปูชิโน่,กาแฟ,2,65,130,QR พร้อมเพย์
2026-08-05,08:55,BB00248,โกโก้,ไม่ใช่กาแฟ,1,60,60,QR พร้อมเพย์
2026-08-05,08:51,BB00249,อเมริกาโน่,กาแฟ,2,55,110,เงินสด
2026-08-05,08:51,BB00249,ชาไทย,ชา,1,55,55,เงินสด
2026-08-05,08:51,BB00249,เอสเพรสโซ่,กาแฟ,1,50,50,เงินสด
2026-08-05,14:21,BB00250,ชีสเค้ก,เบเกอรี่,1,85,85,เงินสด
2026-08-05,15:21,BB00251,อเมริกาโน่,กาแฟ,1,55,55,QR พร้อมเพย์
2026-08-05,15:21,BB00251,ครัวซองต์,เบเกอรี่,1,65,65,QR พร้อมเพย์
2026-08-05,18:15,BB00252,มัทฉะลาเต้,ชา,2,75,150,QR พร้อมเพย์
2026-08-05,18:15,BB00252,นมสดคาราเมล,ไม่ใช่กาแฟ,1,60,60,QR พร้อมเพย์
2026-08-05,07:16,BB00253,บราวนี่,เบเกอรี่,1,55,55,เงินสด
2026-08-05,14:18,BB00254,ครัวซองต์,เบเกอรี่,1,65,65,QR พร้อมเพย์
2026-08-05,14:18,BB00254,ลาเต้,กาแฟ,2,65,130,QR พร้อมเพย์
2026-08-05,15:43,BB00255,ชาไทย,ชา,1,55,55,QR พร้อมเพย์
2026-08-05,11:24,BB00256,บราวนี่,เบเกอรี่,1,55,55,เงินสด
2026-08-05,11:24,BB00256,มัทฉะลาเต้,ชา,1,75,75,เงินสด
2026-08-05,11:13,BB00257,อเมริกาโน่,กาแฟ,1,55,55,บัตรเครดิต
2026-08-05,12:34,BB00258,ลาเต้,กาแฟ,1,65,65,QR พร้อมเพย์
2026-08-05,12:34,BB00258,บราวนี่,เบเกอรี่,2,55,110,QR พร้อมเพย์
2026-08-05,12:30,BB00259,ลาเต้,กาแฟ,1,65,65,QR พร้อมเพย์
2026-08-05,15:18,BB00260,มอคค่า,กาแฟ,1,70,70,QR พร้อมเพย์
2026-08-05,08:02,BB00261,ครัวซองต์,เบเกอรี่,1,65,65,บัตรเครดิต
2026-08-05,11:05,BB00262,คาปูชิโน่,กาแฟ,1,65,65,เงินสด
2026-08-05,07:02,BB00263,ชาไทย,ชา,1,55,55,เงินสด
2026-08-05,07:02,BB00263,ลาเต้,กาแฟ,2,65,130,เงินสด
2026-08-05,09:06,BB00264,นมสดคาราเมล,ไม่ใช่กาแฟ,2,60,120,บัตรเครดิต
2026-08-05,09:06,BB00264,ลาเต้,กาแฟ,1,65,65,บัตรเครดิต
2026-08-05,09:11,BB00265,อเมริกาโน่,กาแฟ,1,55,55,QR พร้อมเพย์
2026-08-05,13:31,BB00266,อเมริกาโน่,กาแฟ,1,55,55,บัตรเครดิต
2026-08-05,13:31,BB00266,มอคค่า,กาแฟ,1,70,70,บัตรเครดิต
2026-08-05,13:31,BB00266,ชีสเค้ก,เบเกอรี่,1,85,85,บัตรเครดิต
2026-08-05,12:41,BB00267,ชาไทย,ชา,1,55,55,เงินสด
2026-08-05,12:41,BB00267,ครัวซองต์,เบเกอรี่,1,65,65,เงินสด
2026-08-05,12:41,BB00267,ลาเต้,กาแฟ,1,65,65,เงินสด
2026-08-05,09:16,BB00268,ชาไทย,ชา,1,55,55,บัตรเครดิต
2026-08-05,16:16,BB00269,มัทฉะลาเต้,ชา,2,75,150,QR พร้อมเพย์
2026-08-05,16:16,BB00269,อเมริกาโน่,กาแฟ,1,55,55,QR พร้อมเพย์
2026-08-05,14:12,BB00270,มัทฉะลาเต้,ชา,1,75,75,QR พร้อมเพย์
2026-08-06,11:23,BB00271,ชาไทย,ชา,1,55,55,เงินสด
2026-08-06,09:09,BB00272,เอสเพรสโซ่,กาแฟ,2,50,100,บัตรเครดิต
2026-08-06,09:09,BB00272,นมสดคาราเมล,ไม่ใช่กาแฟ,1,60,60,บัตรเครดิต
2026-08-06,15:04,BB00273,ครัวซองต์,เบเกอรี่,1,65,65,บัตรเครดิต
2026-08-06,15:04,BB00273,เอสเพรสโซ่,กาแฟ,1,50,50,บัตรเครดิต
2026-08-06,17:53,BB00274,ชีสเค้ก,เบเกอรี่,1,85,85,เงินสด
2026-08-06,09:07,BB00275,ลาเต้,กาแฟ,1,65,65,QR พร้อมเพย์
2026-08-06,14:35,BB00276,อเมริกาโน่,กาแฟ,1,55,55,QR พร้อมเพย์
2026-08-06,09:01,BB00277,คาปูชิโน่,กาแฟ,1,65,65,เงินสด
2026-08-06,09:01,BB00277,ชาไทย,ชา,1,55,55,เงินสด
2026-08-06,16:07,BB00278,มัทฉะลาเต้,ชา,1,75,75,เงินสด
2026-08-06,17:35,BB00279,ลาเต้,กาแฟ,1,65,65,QR พร้อมเพย์
2026-08-06,10:16,BB00280,อเมริกาโน่,กาแฟ,1,55,55,บัตรเครดิต
2026-08-06,10:16,BB00280,บราวนี่,เบเกอรี่,1,55,55,บัตรเครดิต
2026-08-06,10:16,BB00280,โกโก้,ไม่ใช่กาแฟ,1,60,60,บัตรเครดิต
2026-08-06,18:01,BB00281,ชาไทย,ชา,1,55,55,QR พร้อมเพย์
2026-08-06,15:33,BB00282,อเมริกาโน่,กาแฟ,1,55,55,เงินสด
2026-08-06,09:11,BB00283,โกโก้,ไม่ใช่กาแฟ,1,60,60,เงินสด
2026-08-06,09:05,BB00284,โกโก้,ไม่ใช่กาแฟ,1,60,60,QR พร้อมเพย์
2026-08-06,09:05,BB00284,ลาเต้,กาแฟ,1,65,65,QR พร้อมเพย์
2026-08-06,13:40,BB00285,ลาเต้,กาแฟ,1,65,65,QR พร้อมเพย์
2026-08-06,14:26,BB00286,ชาไทย,ชา,1,55,55,QR พร้อมเพย์
2026-08-06,14:26,BB00286,ลาเต้,กาแฟ,1,65,65,QR พร้อมเพย์
2026-08-06,14:26,BB00286,บราวนี่,เบเกอรี่,1,55,55,QR พร้อมเพย์
2026-08-06,10:48,BB00287,ลาเต้,กาแฟ,1,65,65,QR พร้อมเพย์
2026-08-06,10:48,BB00287,ครัวซองต์,เบเกอรี่,1,65,65,QR พร้อมเพย์
2026-08-06,08:23,BB00288,คาปูชิโน่,กาแฟ,2,65,130,QR พร้อมเพย์
2026-08-06,08:23,BB00288,ชีสเค้ก,เบเกอรี่,1,85,85,QR พร้อมเพย์
2026-08-06,10:15,BB00289,คาปูชิโน่,กาแฟ,1,65,65,QR พร้อมเพย์
2026-08-06,10:15,BB00289,มอคค่า,กาแฟ,1,70,70,QR พร้อมเพย์
2026-08-06,08:55,BB00290,เอสเพรสโซ่,กาแฟ,1,50,50,เงินสด
2026-08-06,08:55,BB00290,นมสดคาราเมล,ไม่ใช่กาแฟ,1,60,60,เงินสด
2026-08-06,09:05,BB00291,อเมริกาโน่,กาแฟ,1,55,55,เงินสด
2026-08-06,15:01,BB00292,โกโก้,ไม่ใช่กาแฟ,1,60,60,เงินสด
2026-08-06,15:01,BB00292,ครัวซองต์,เบเกอรี่,1,65,65,เงินสด
2026-08-06,15:01,BB00292,เอสเพรสโซ่,กาแฟ,1,50,50,เงินสด
2026-08-06,11:22,BB00293,อเมริกาโน่,กาแฟ,1,55,55,QR พร้อมเพย์
2026-08-06,11:22,BB00293,ชาไทย,ชา,1,55,55,QR พร้อมเพย์
2026-08-06,09:07,BB00294,ชาไทย,ชา,1,55,55,เงินสด
2026-08-06,09:07,BB00294,ลาเต้,กาแฟ,1,65,65,เงินสด
2026-08-06,11:25,BB00295,บราวนี่,เบเกอรี่,1,55,55,เงินสด
2026-08-06,11:25,BB00295,มอคค่า,กาแฟ,2,70,140,เงินสด
2026-08-06,12:25,BB00296,คาปูชิโน่,กาแฟ,1,65,65,บัตรเครดิต
2026-08-06,15:45,BB00297,นมสดคาราเมล,ไม่ใช่กาแฟ,2,60,120,QR พร้อมเพย์
2026-08-06,15:45,BB00297,นมสดคาราเมล,ไม่ใช่กาแฟ,2,60,120,QR พร้อมเพย์
2026-08-06,15:45,BB00297,อเมริกาโน่,กาแฟ,1,55,55,QR พร้อมเพย์
2026-08-06,17:59,BB00298,มัทฉะลาเต้,ชา,1,75,75,QR พร้อมเพย์
2026-08-06,17:59,BB00298,อเมริกาโน่,กาแฟ,1,55,55,QR พร้อมเพย์
2026-08-06,10:12,BB00299,อเมริกาโน่,กาแฟ,2,55,110,QR พร้อมเพย์
2026-08-06,14:59,BB00300,ชีสเค้ก,เบเกอรี่,2,85,170,QR พร้อมเพย์
2026-08-06,07:55,BB00301,ชามะนาว,ชา,1,45,45,QR พร้อมเพย์
2026-08-06,12:59,BB00302,อเมริกาโน่,กาแฟ,1,55,55,เงินสด
2026-08-06,09:02,BB00303,มัทฉะลาเต้,ชา,1,75,75,เงินสด
2026-08-06,12:58,BB00304,เอสเพรสโซ่,กาแฟ,1,50,50,QR พร้อมเพย์
2026-08-06,08:07,BB00305,บราวนี่,เบเกอรี่,1,55,55,QR พร้อมเพย์
2026-08-06,08:07,BB00305,ลาเต้,กาแฟ,1,65,65,QR พร้อมเพย์
2026-08-06,14:18,BB00306,ชาไทย,ชา,1,55,55,QR พร้อมเพย์
2026-08-06,14:18,BB00306,ลาเต้,กาแฟ,1,65,65,QR พร้อมเพย์
2026-08-06,11:35,BB00307,นมสดคาราเมล,ไม่ใช่กาแฟ,1,60,60,QR พร้อมเพย์
2026-08-06,10:12,BB00308,มัทฉะลาเต้,ชา,1,75,75,QR พร้อมเพย์
2026-08-06,10:55,BB00309,คาปูชิโน่,กาแฟ,1,65,65,บัตรเครดิต
2026-08-06,16:13,BB00310,อเมริกาโน่,กาแฟ,1,55,55,เงินสด
2026-08-06,16:13,BB00310,ครัวซองต์,เบเกอรี่,1,65,65,เงินสด
2026-08-06,08:24,BB00311,โกโก้,ไม่ใช่กาแฟ,1,60,60,QR พร้อมเพย์
2026-08-07,14:09,BB00312,อเมริกาโน่,กาแฟ,1,55,55,QR พร้อมเพย์
2026-08-07,14:09,BB00312,มัทฉะลาเต้,ชา,1,75,75,QR พร้อมเพย์
2026-08-07,15:06,BB00313,โกโก้,ไม่ใช่กาแฟ,1,60,60,QR พร้อมเพย์
2026-08-07,15:06,BB00313,นมสดคาราเมล,ไม่ใช่กาแฟ,1,60,60,QR พร้อมเพย์
2026-08-07,16:08,BB00314,มอคค่า,กาแฟ,1,70,70,QR พร้อมเพย์
2026-08-07,08:25,BB00315,มอคค่า,กาแฟ,1,70,70,บัตรเครดิต
2026-08-07,16:38,BB00316,ชามะนาว,ชา,1,45,45,เงินสด
2026-08-07,16:38,BB00316,คาปูชิโน่,กาแฟ,1,65,65,เงินสด
2026-08-07,12:38,BB00317,นมสดคาราเมล,ไม่ใช่กาแฟ,2,60,120,QR พร้อมเพย์
2026-08-07,11:28,BB00318,นมสดคาราเมล,ไม่ใช่กาแฟ,1,60,60,QR พร้อมเพย์
2026-08-07,10:14,BB00319,คาปูชิโน่,กาแฟ,2,65,130,เงินสด
2026-08-07,10:14,BB00319,ครัวซองต์,เบเกอรี่,2,65,130,เงินสด
2026-08-07,10:14,BB00319,ลาเต้,กาแฟ,1,65,65,เงินสด
2026-08-07,16:00,BB00320,บราวนี่,เบเกอรี่,1,55,55,เงินสด
2026-08-07,12:19,BB00321,ชาไทย,ชา,1,55,55,QR พร้อมเพย์
2026-08-07,12:19,BB00321,ชามะนาว,ชา,1,45,45,QR พร้อมเพย์
2026-08-07,12:19,BB00321,คาปูชิโน่,กาแฟ,1,65,65,QR พร้อมเพย์
2026-08-07,10:00,BB00322,อเมริกาโน่,กาแฟ,1,55,55,QR พร้อมเพย์
2026-08-07,10:35,BB00323,ลาเต้,กาแฟ,1,65,65,บัตรเครดิต
2026-08-07,10:49,BB00324,คาปูชิโน่,กาแฟ,1,65,65,QR พร้อมเพย์
2026-08-07,10:49,BB00324,นมสดคาราเมล,ไม่ใช่กาแฟ,1,60,60,QR พร้อมเพย์
2026-08-07,10:49,BB00324,คาปูชิโน่,กาแฟ,2,65,130,QR พร้อมเพย์
2026-08-07,15:32,BB00325,ลาเต้,กาแฟ,1,65,65,เงินสด
2026-08-07,15:32,BB00325,บราวนี่,เบเกอรี่,1,55,55,เงินสด
2026-08-07,18:40,BB00326,ชาไทย,ชา,1,55,55,เงินสด
2026-08-07,09:11,BB00327,อเมริกาโน่,กาแฟ,1,55,55,เงินสด
2026-08-07,13:46,BB00328,นมสดคาราเมล,ไม่ใช่กาแฟ,1,60,60,เงินสด
2026-08-07,13:00,BB00329,อเมริกาโน่,กาแฟ,1,55,55,บัตรเครดิต
2026-08-07,07:11,BB00330,ลาเต้,กาแฟ,1,65,65,QR พร้อมเพย์
2026-08-07,12:09,BB00331,อเมริกาโน่,กาแฟ,1,55,55,QR พร้อมเพย์
2026-08-07,14:06,BB00332,บราวนี่,เบเกอรี่,1,55,55,เงินสด
2026-08-07,11:27,BB00333,อเมริกาโน่,กาแฟ,1,55,55,QR พร้อมเพย์
2026-08-07,10:45,BB00334,อเมริกาโน่,กาแฟ,1,55,55,เงินสด
2026-08-07,15:37,BB00335,มัทฉะลาเต้,ชา,1,75,75,เงินสด
2026-08-07,09:25,BB00336,มอคค่า,กาแฟ,1,70,70,QR พร้อมเพย์
2026-08-07,09:25,BB00336,ลาเต้,กาแฟ,1,65,65,QR พร้อมเพย์
2026-08-07,09:25,BB00336,บราวนี่,เบเกอรี่,2,55,110,QR พร้อมเพย์
2026-08-07,10:57,BB00337,มอคค่า,กาแฟ,1,70,70,QR พร้อมเพย์
2026-08-07,16:04,BB00338,โกโก้,ไม่ใช่กาแฟ,1,60,60,เงินสด
2026-08-07,10:56,BB00339,ครัวซองต์,เบเกอรี่,1,65,65,QR พร้อมเพย์
2026-08-07,09:24,BB00340,ลาเต้,กาแฟ,1,65,65,เงินสด
2026-08-07,09:24,BB00340,อเมริกาโน่,กาแฟ,1,55,55,เงินสด
2026-08-07,09:24,BB00340,มอคค่า,กาแฟ,1,70,70,เงินสด
2026-08-07,08:07,BB00341,ชาไทย,ชา,1,55,55,QR พร้อมเพย์
2026-08-07,08:07,BB00341,เอสเพรสโซ่,กาแฟ,1,50,50,QR พร้อมเพย์
2026-08-07,08:07,BB00341,มอคค่า,กาแฟ,1,70,70,QR พร้อมเพย์
2026-08-07,07:51,BB00342,อเมริกาโน่,กาแฟ,1,55,55,เงินสด
2026-08-07,07:51,BB00342,ครัวซองต์,เบเกอรี่,1,65,65,เงินสด
2026-08-07,11:53,BB00343,คาปูชิโน่,กาแฟ,1,65,65,QR พร้อมเพย์
2026-08-07,10:40,BB00344,บราวนี่,เบเกอรี่,1,55,55,บัตรเครดิต
2026-08-07,09:28,BB00345,ชีสเค้ก,เบเกอรี่,1,85,85,QR พร้อมเพย์
2026-08-07,09:28,BB00345,มอคค่า,กาแฟ,2,70,140,QR พร้อมเพย์
2026-08-07,09:28,BB00345,ชาไทย,ชา,1,55,55,QR พร้อมเพย์
2026-08-07,12:08,BB00346,ชาไทย,ชา,1,55,55,QR พร้อมเพย์
2026-08-07,09:49,BB00347,โกโก้,ไม่ใช่กาแฟ,1,60,60,QR พร้อมเพย์
2026-08-07,07:45,BB00348,ครัวซองต์,เบเกอรี่,1,65,65,เงินสด
2026-08-07,13:06,BB00349,นมสดคาราเมล,ไม่ใช่กาแฟ,1,60,60,เงินสด
2026-08-07,13:06,BB00349,ลาเต้,กาแฟ,1,65,65,เงินสด
2026-08-07,13:06,BB00349,อเมริกาโน่,กาแฟ,1,55,55,เงินสด
2026-08-07,15:25,BB00350,บราวนี่,เบเกอรี่,1,55,55,เงินสด
2026-08-07,16:55,BB00351,ลาเต้,กาแฟ,1,65,65,QR พร้อมเพย์
2026-08-07,16:55,BB00351,นมสดคาราเมล,ไม่ใช่กาแฟ,1,60,60,QR พร้อมเพย์
2026-08-07,16:55,BB00351,บราวนี่,เบเกอรี่,1,55,55,QR พร้อมเพย์
2026-08-07,13:29,BB00352,คาปูชิโน่,กาแฟ,1,65,65,เงินสด
2026-08-07,13:29,BB00352,ลาเต้,กาแฟ,1,65,65,เงินสด
2026-08-07,16:46,BB00353,มอคค่า,กาแฟ,1,70,70,เงินสด
2026-08-07,16:46,BB00353,มอคค่า,กาแฟ,1,70,70,เงินสด
2026-08-07,08:47,BB00354,มัทฉะลาเต้,ชา,1,75,75,เงินสด
2026-08-07,15:36,BB00355,บราวนี่,เบเกอรี่,1,55,55,QR พร้อมเพย์
2026-08-07,12:59,BB00356,นมสดคาราเมล,ไม่ใช่กาแฟ,1,60,60,เงินสด
2026-08-07,12:59,BB00356,อเมริกาโน่,กาแฟ,2,55,110,เงินสด
2026-08-07,12:03,BB00357,อเมริกาโน่,กาแฟ,1,55,55,บัตรเครดิต
2026-08-07,12:03,BB00357,นมสดคาราเมล,ไม่ใช่กาแฟ,1,60,60,บัตรเครดิต
2026-08-07,16:26,BB00358,โกโก้,ไม่ใช่กาแฟ,2,60,120,QR พร้อมเพย์
2026-08-07,09:05,BB00359,เอสเพรสโซ่,กาแฟ,1,50,50,QR พร้อมเพย์
2026-08-07,09:05,BB00359,ชาไทย,ชา,1,55,55,QR พร้อมเพย์
2026-08-07,09:05,BB00359,ครัวซองต์,เบเกอรี่,1,65,65,QR พร้อมเพย์
2026-08-07,12:43,BB00360,ชาไทย,ชา,2,55,110,QR พร้อมเพย์
2026-08-07,08:48,BB00361,ครัวซองต์,เบเกอรี่,1,65,65,เงินสด
2026-08-07,08:48,BB00361,ลาเต้,กาแฟ,1,65,65,เงินสด
2026-08-07,08:48,BB00361,นมสดคาราเมล,ไม่ใช่กาแฟ,1,60,60,เงินสด
2026-08-07,09:03,BB00362,อเมริกาโน่,กาแฟ,1,55,55,เงินสด
2026-08-07,08:43,BB00363,ลาเต้,กาแฟ,1,65,65,QR พร้อมเพย์
2026-08-07,08:43,BB00363,ชาไทย,ชา,1,55,55,QR พร้อมเพย์
2026-08-07,17:22,BB00364,ชามะนาว,ชา,1,45,45,QR พร้อมเพย์
2026-08-07,09:40,BB00365,โกโก้,ไม่ใช่กาแฟ,1,60,60,QR พร้อมเพย์
2026-08-07,13:38,BB00366,มอคค่า,กาแฟ,1,70,70,บัตรเครดิต
2026-08-07,13:38,BB00366,ชามะนาว,ชา,1,45,45,บัตรเครดิต
2026-08-07,11:02,BB00367,ลาเต้,กาแฟ,1,65,65,เงินสด
2026-08-07,11:07,BB00368,ชาไทย,ชา,1,55,55,เงินสด
2026-08-07,12:02,BB00369,โกโก้,ไม่ใช่กาแฟ,1,60,60,เงินสด
2026-08-07,12:02,BB00369,โกโก้,ไม่ใช่กาแฟ,2,60,120,เงินสด
2026-08-07,12:02,BB00369,ชาไทย,ชา,1,55,55,เงินสด
2026-08-07,11:27,BB00370,คาปูชิโน่,กาแฟ,1,65,65,QR พร้อมเพย์
2026-08-07,11:27,BB00370,อเมริกาโน่,กาแฟ,1,55,55,QR พร้อมเพย์
2026-08-08,17:41,BB00371,อเมริกาโน่,กาแฟ,1,55,55,QR พร้อมเพย์
2026-08-08,17:41,BB00371,อเมริกาโน่,กาแฟ,1,55,55,QR พร้อมเพย์
2026-08-08,08:23,BB00372,ครัวซองต์,เบเกอรี่,2,65,130,เงินสด
2026-08-08,08:23,BB00372,ลาเต้,กาแฟ,1,65,65,เงินสด
2026-08-08,15:47,BB00373,มัทฉะลาเต้,ชา,1,75,75,QR พร้อมเพย์
2026-08-08,09:08,BB00374,ครัวซองต์,เบเกอรี่,1,65,65,QR พร้อมเพย์
2026-08-08,07:36,BB00375,ชีสเค้ก,เบเกอรี่,1,85,85,QR พร้อมเพย์
2026-08-08,07:36,BB00375,อเมริกาโน่,กาแฟ,1,55,55,QR พร้อมเพย์
2026-08-08,07:36,BB00375,มอคค่า,กาแฟ,1,70,70,QR พร้อมเพย์
2026-08-08,18:38,BB00376,ชามะนาว,ชา,1,45,45,QR พร้อมเพย์
2026-08-08,11:25,BB00377,มอคค่า,กาแฟ,1,70,70,เงินสด
2026-08-08,14:00,BB00378,ครัวซองต์,เบเกอรี่,1,65,65,เงินสด
2026-08-08,14:00,BB00378,อเมริกาโน่,กาแฟ,1,55,55,เงินสด
2026-08-08,08:45,BB00379,มอคค่า,กาแฟ,1,70,70,QR พร้อมเพย์
2026-08-08,15:57,BB00380,อเมริกาโน่,กาแฟ,2,55,110,QR พร้อมเพย์
2026-08-08,13:36,BB00381,คาปูชิโน่,กาแฟ,1,65,65,เงินสด
2026-08-08,18:58,BB00382,มอคค่า,กาแฟ,1,70,70,QR พร้อมเพย์
2026-08-08,08:51,BB00383,มัทฉะลาเต้,ชา,1,75,75,เงินสด
2026-08-08,08:51,BB00383,ชาไทย,ชา,2,55,110,เงินสด
2026-08-08,11:41,BB00384,ชาไทย,ชา,1,55,55,เงินสด
2026-08-08,11:41,BB00384,ครัวซองต์,เบเกอรี่,1,65,65,เงินสด
2026-08-08,14:44,BB00385,คาปูชิโน่,กาแฟ,1,65,65,เงินสด
2026-08-08,14:44,BB00385,มอคค่า,กาแฟ,1,70,70,เงินสด
2026-08-08,12:25,BB00386,ชีสเค้ก,เบเกอรี่,1,85,85,เงินสด
2026-08-08,14:14,BB00387,อเมริกาโน่,กาแฟ,1,55,55,QR พร้อมเพย์
2026-08-08,09:31,BB00388,ชาไทย,ชา,1,55,55,เงินสด
2026-08-08,14:58,BB00389,มอคค่า,กาแฟ,1,70,70,QR พร้อมเพย์
2026-08-08,11:55,BB00390,ครัวซองต์,เบเกอรี่,2,65,130,QR พร้อมเพย์
2026-08-08,13:46,BB00391,ชามะนาว,ชา,1,45,45,QR พร้อมเพย์
2026-08-08,17:12,BB00392,อเมริกาโน่,กาแฟ,1,55,55,QR พร้อมเพย์
2026-08-08,17:12,BB00392,อเมริกาโน่,กาแฟ,1,55,55,QR พร้อมเพย์
2026-08-08,10:00,BB00393,เอสเพรสโซ่,กาแฟ,1,50,50,QR พร้อมเพย์
2026-08-08,10:00,BB00393,อเมริกาโน่,กาแฟ,2,55,110,QR พร้อมเพย์
2026-08-08,10:00,BB00393,อเมริกาโน่,กาแฟ,2,55,110,QR พร้อมเพย์
2026-08-08,09:07,BB00394,ลาเต้,กาแฟ,1,65,65,บัตรเครดิต
2026-08-08,09:07,BB00394,คาปูชิโน่,กาแฟ,1,65,65,บัตรเครดิต
2026-08-08,13:52,BB00395,ชาไทย,ชา,1,55,55,เงินสด
2026-08-08,10:31,BB00396,อเมริกาโน่,กาแฟ,1,55,55,เงินสด
2026-08-08,10:31,BB00396,นมสดคาราเมล,ไม่ใช่กาแฟ,1,60,60,เงินสด
2026-08-08,17:43,BB00397,ชามะนาว,ชา,1,45,45,เงินสด
2026-08-08,18:28,BB00398,อเมริกาโน่,กาแฟ,2,55,110,เงินสด
2026-08-08,09:35,BB00399,ชามะนาว,ชา,2,45,90,บัตรเครดิต
2026-08-08,09:35,BB00399,มัทฉะลาเต้,ชา,1,75,75,บัตรเครดิต
2026-08-08,18:48,BB00400,อเมริกาโน่,กาแฟ,1,55,55,QR พร้อมเพย์
2026-08-08,18:48,BB00400,อเมริกาโน่,กาแฟ,1,55,55,QR พร้อมเพย์
2026-08-08,18:48,BB00400,ครัวซองต์,เบเกอรี่,2,65,130,QR พร้อมเพย์
2026-08-08,07:11,BB00401,มัทฉะลาเต้,ชา,2,75,150,QR พร้อมเพย์
2026-08-08,07:11,BB00401,ชีสเค้ก,เบเกอรี่,1,85,85,QR พร้อมเพย์
2026-08-08,11:14,BB00402,อเมริกาโน่,กาแฟ,1,55,55,QR พร้อมเพย์
2026-08-08,11:14,BB00402,ลาเต้,กาแฟ,2,65,130,QR พร้อมเพย์
2026-08-08,12:02,BB00403,โกโก้,ไม่ใช่กาแฟ,1,60,60,เงินสด
2026-08-08,12:02,BB00403,เอสเพรสโซ่,กาแฟ,2,50,100,เงินสด
2026-08-08,10:21,BB00404,อเมริกาโน่,กาแฟ,1,55,55,QR พร้อมเพย์
2026-08-08,18:02,BB00405,อเมริกาโน่,กาแฟ,1,55,55,QR พร้อมเพย์
2026-08-08,18:02,BB00405,อเมริกาโน่,กาแฟ,2,55,110,QR พร้อมเพย์
2026-08-08,10:36,BB00406,ชีสเค้ก,เบเกอรี่,1,85,85,QR พร้อมเพย์
2026-08-08,10:36,BB00406,ชาไทย,ชา,1,55,55,QR พร้อมเพย์
2026-08-08,10:36,BB00406,ครัวซองต์,เบเกอรี่,1,65,65,QR พร้อมเพย์
2026-08-08,13:40,BB00407,นมสดคาราเมล,ไม่ใช่กาแฟ,1,60,60,เงินสด
2026-08-08,13:40,BB00407,นมสดคาราเมล,ไม่ใช่กาแฟ,1,60,60,เงินสด
2026-08-08,08:48,BB00408,ครัวซองต์,เบเกอรี่,1,65,65,QR พร้อมเพย์
2026-08-08,16:45,BB00409,คาปูชิโน่,กาแฟ,1,65,65,QR พร้อมเพย์
2026-08-08,18:30,BB00410,นมสดคาราเมล,ไม่ใช่กาแฟ,2,60,120,QR พร้อมเพย์
2026-08-08,18:30,BB00410,อเมริกาโน่,กาแฟ,1,55,55,QR พร้อมเพย์
2026-08-08,16:42,BB00411,ชาไทย,ชา,1,55,55,QR พร้อมเพย์
2026-08-08,08:04,BB00412,ลาเต้,กาแฟ,1,65,65,เงินสด
2026-08-08,08:04,BB00412,มัทฉะลาเต้,ชา,2,75,150,เงินสด
2026-08-08,08:12,BB00413,ลาเต้,กาแฟ,1,65,65,QR พร้อมเพย์
2026-08-08,18:22,BB00414,โกโก้,ไม่ใช่กาแฟ,2,60,120,บัตรเครดิต
2026-08-08,18:22,BB00414,ครัวซองต์,เบเกอรี่,1,65,65,บัตรเครดิต
2026-08-08,09:57,BB00415,อเมริกาโน่,กาแฟ,1,55,55,เงินสด
2026-08-08,13:13,BB00416,ครัวซองต์,เบเกอรี่,1,65,65,เงินสด
2026-08-08,11:06,BB00417,ชีสเค้ก,เบเกอรี่,1,85,85,เงินสด
2026-08-08,11:06,BB00417,อเมริกาโน่,กาแฟ,2,55,110,เงินสด
2026-08-08,16:21,BB00418,ลาเต้,กาแฟ,1,65,65,QR พร้อมเพย์
2026-08-08,07:20,BB00419,คาปูชิโน่,กาแฟ,1,65,65,บัตรเครดิต
2026-08-08,13:25,BB00420,ลาเต้,กาแฟ,2,65,130,QR พร้อมเพย์
2026-08-08,13:25,BB00420,นมสดคาราเมล,ไม่ใช่กาแฟ,1,60,60,QR พร้อมเพย์
2026-08-08,12:49,BB00421,ลาเต้,กาแฟ,1,65,65,QR พร้อมเพย์
2026-08-08,07:59,BB00422,คาปูชิโน่,กาแฟ,1,65,65,QR พร้อมเพย์
2026-08-08,07:59,BB00422,ชามะนาว,ชา,2,45,90,QR พร้อมเพย์
2026-08-08,08:01,BB00423,โกโก้,ไม่ใช่กาแฟ,1,60,60,เงินสด
2026-08-08,15:27,BB00424,ครัวซองต์,เบเกอรี่,1,65,65,QR พร้อมเพย์
2026-08-08,15:27,BB00424,ชีสเค้ก,เบเกอรี่,1,85,85,QR พร้อมเพย์
2026-08-08,09:39,BB00425,โกโก้,ไม่ใช่กาแฟ,1,60,60,เงินสด
2026-08-08,09:39,BB00425,ลาเต้,กาแฟ,1,65,65,เงินสด
2026-08-08,18:29,BB00426,ชาไทย,ชา,1,55,55,QR พร้อมเพย์
2026-08-08,09:35,BB00427,นมสดคาราเมล,ไม่ใช่กาแฟ,1,60,60,QR พร้อมเพย์
2026-08-08,09:35,BB00427,ชีสเค้ก,เบเกอรี่,1,85,85,QR พร้อมเพย์
2026-08-08,14:05,BB00428,อเมริกาโน่,กาแฟ,1,55,55,บัตรเครดิต
2026-08-08,14:05,BB00428,ลาเต้,กาแฟ,1,65,65,บัตรเครดิต
2026-08-08,09:38,BB00429,ลาเต้,กาแฟ,1,65,65,QR พร้อมเพย์
2026-08-08,16:10,BB00430,ชามะนาว,ชา,1,45,45,QR พร้อมเพย์
2026-08-08,15:13,BB00431,นมสดคาราเมล,ไม่ใช่กาแฟ,1,60,60,QR พร้อมเพย์
2026-08-08,10:57,BB00432,อเมริกาโน่,กาแฟ,2,55,110,เงินสด
2026-08-08,10:57,BB00432,บราวนี่,เบเกอรี่,1,55,55,เงินสด
2026-08-08,10:14,BB00433,บราวนี่,เบเกอรี่,2,55,110,QR พร้อมเพย์
2026-08-08,13:14,BB00434,ชามะนาว,ชา,1,45,45,เงินสด
2026-08-08,10:20,BB00435,ลาเต้,กาแฟ,2,65,130,QR พร้อมเพย์
2026-08-08,10:20,BB00435,ลาเต้,กาแฟ,1,65,65,QR พร้อมเพย์
2026-08-08,08:55,BB00436,ชีสเค้ก,เบเกอรี่,1,85,85,บัตรเครดิต
2026-08-08,08:55,BB00436,ลาเต้,กาแฟ,1,65,65,บัตรเครดิต
2026-08-08,07:55,BB00437,ชามะนาว,ชา,1,45,45,QR พร้อมเพย์
2026-08-08,11:37,BB00438,ครัวซองต์,เบเกอรี่,1,65,65,เงินสด
2026-08-08,11:37,BB00438,อเมริกาโน่,กาแฟ,1,55,55,เงินสด
2026-08-08,11:27,BB00439,ลาเต้,กาแฟ,1,65,65,QR พร้อมเพย์
2026-08-08,11:27,BB00439,อเมริกาโน่,กาแฟ,2,55,110,QR พร้อมเพย์
2026-08-08,11:27,BB00439,อเมริกาโน่,กาแฟ,2,55,110,QR พร้อมเพย์
2026-08-08,08:47,BB00440,เอสเพรสโซ่,กาแฟ,1,50,50,QR พร้อมเพย์
2026-08-08,08:47,BB00440,มอคค่า,กาแฟ,1,70,70,QR พร้อมเพย์
2026-08-08,13:25,BB00441,อเมริกาโน่,กาแฟ,1,55,55,QR พร้อมเพย์
2026-08-08,13:25,BB00441,นมสดคาราเมล,ไม่ใช่กาแฟ,1,60,60,QR พร้อมเพย์
2026-08-08,13:25,BB00441,อเมริกาโน่,กาแฟ,1,55,55,QR พร้อมเพย์
2026-08-08,09:27,BB00442,อเมริกาโน่,กาแฟ,2,55,110,QR พร้อมเพย์
2026-08-08,09:27,BB00442,อเมริกาโน่,กาแฟ,1,55,55,QR พร้อมเพย์
2026-08-08,17:08,BB00443,ลาเต้,กาแฟ,1,65,65,QR พร้อมเพย์
2026-08-08,13:34,BB00444,คาปูชิโน่,กาแฟ,1,65,65,QR พร้อมเพย์
2026-08-08,16:22,BB00445,ชีสเค้ก,เบเกอรี่,1,85,85,บัตรเครดิต
2026-08-08,16:22,BB00445,อเมริกาโน่,กาแฟ,1,55,55,บัตรเครดิต
2026-08-09,09:04,BB00446,อเมริกาโน่,กาแฟ,1,55,55,บัตรเครดิต
2026-08-09,17:17,BB00447,มัทฉะลาเต้,ชา,1,75,75,เงินสด
2026-08-09,17:17,BB00447,ชาไทย,ชา,1,55,55,เงินสด
2026-08-09,18:55,BB00448,มอคค่า,กาแฟ,1,70,70,QR พร้อมเพย์
2026-08-09,10:09,BB00449,มอคค่า,กาแฟ,1,70,70,QR พร้อมเพย์
2026-08-09,18:00,BB00450,ชีสเค้ก,เบเกอรี่,1,85,85,เงินสด
2026-08-09,14:15,BB00451,อเมริกาโน่,กาแฟ,1,55,55,QR พร้อมเพย์
2026-08-09,14:15,BB00451,อเมริกาโน่,กาแฟ,1,55,55,QR พร้อมเพย์
2026-08-09,10:35,BB00452,ชาไทย,ชา,1,55,55,QR พร้อมเพย์
2026-08-09,10:35,BB00452,ชีสเค้ก,เบเกอรี่,1,85,85,QR พร้อมเพย์
2026-08-09,14:54,BB00453,ชาไทย,ชา,1,55,55,QR พร้อมเพย์
2026-08-09,15:50,BB00454,ชามะนาว,ชา,1,45,45,QR พร้อมเพย์
2026-08-09,12:39,BB00455,อเมริกาโน่,กาแฟ,1,55,55,QR พร้อมเพย์
2026-08-09,12:39,BB00455,มัทฉะลาเต้,ชา,2,75,150,QR พร้อมเพย์
2026-08-09,14:16,BB00456,โกโก้,ไม่ใช่กาแฟ,1,60,60,บัตรเครดิต
2026-08-09,11:14,BB00457,โกโก้,ไม่ใช่กาแฟ,1,60,60,บัตรเครดิต
2026-08-09,09:10,BB00458,ลาเต้,กาแฟ,2,65,130,QR พร้อมเพย์
2026-08-09,11:40,BB00459,มัทฉะลาเต้,ชา,2,75,150,บัตรเครดิต
2026-08-09,11:40,BB00459,คาปูชิโน่,กาแฟ,1,65,65,บัตรเครดิต
2026-08-09,16:27,BB00460,ลาเต้,กาแฟ,1,65,65,เงินสด
2026-08-09,10:51,BB00461,มัทฉะลาเต้,ชา,1,75,75,QR พร้อมเพย์
2026-08-09,09:28,BB00462,ชาไทย,ชา,1,55,55,QR พร้อมเพย์
2026-08-09,14:09,BB00463,ชาไทย,ชา,1,55,55,เงินสด
2026-08-09,13:33,BB00464,อเมริกาโน่,กาแฟ,1,55,55,QR พร้อมเพย์
2026-08-09,12:03,BB00465,ชาไทย,ชา,2,55,110,QR พร้อมเพย์
2026-08-09,09:16,BB00466,มัทฉะลาเต้,ชา,2,75,150,QR พร้อมเพย์
2026-08-09,09:27,BB00467,นมสดคาราเมล,ไม่ใช่กาแฟ,2,60,120,บัตรเครดิต
2026-08-09,14:24,BB00468,ลาเต้,กาแฟ,1,65,65,QR พร้อมเพย์
2026-08-09,14:24,BB00468,มัทฉะลาเต้,ชา,2,75,150,QR พร้อมเพย์
2026-08-09,10:24,BB00469,มัทฉะลาเต้,ชา,2,75,150,QR พร้อมเพย์
2026-08-09,15:37,BB00470,คาปูชิโน่,กาแฟ,1,65,65,QR พร้อมเพย์
2026-08-09,15:37,BB00470,โกโก้,ไม่ใช่กาแฟ,1,60,60,QR พร้อมเพย์
2026-08-09,12:31,BB00471,นมสดคาราเมล,ไม่ใช่กาแฟ,1,60,60,บัตรเครดิต
2026-08-09,12:31,BB00471,ชาไทย,ชา,2,55,110,บัตรเครดิต
2026-08-09,13:27,BB00472,ครัวซองต์,เบเกอรี่,1,65,65,QR พร้อมเพย์
2026-08-09,11:32,BB00473,ลาเต้,กาแฟ,1,65,65,QR พร้อมเพย์
2026-08-09,12:59,BB00474,โกโก้,ไม่ใช่กาแฟ,1,60,60,QR พร้อมเพย์
2026-08-09,08:14,BB00475,อเมริกาโน่,กาแฟ,1,55,55,QR พร้อมเพย์
2026-08-09,15:13,BB00476,ชามะนาว,ชา,1,45,45,QR พร้อมเพย์
2026-08-09,11:03,BB00477,ครัวซองต์,เบเกอรี่,1,65,65,QR พร้อมเพย์
2026-08-09,11:03,BB00477,มอคค่า,กาแฟ,1,70,70,QR พร้อมเพย์
2026-08-09,13:20,BB00478,อเมริกาโน่,กาแฟ,2,55,110,QR พร้อมเพย์
2026-08-09,09:16,BB00479,มัทฉะลาเต้,ชา,1,75,75,เงินสด
2026-08-09,10:56,BB00480,ลาเต้,กาแฟ,2,65,130,QR พร้อมเพย์
2026-08-09,15:54,BB00481,อเมริกาโน่,กาแฟ,1,55,55,QR พร้อมเพย์
2026-08-09,13:59,BB00482,มัทฉะลาเต้,ชา,1,75,75,QR พร้อมเพย์
2026-08-09,15:12,BB00483,มัทฉะลาเต้,ชา,1,75,75,QR พร้อมเพย์
2026-08-09,15:12,BB00483,อเมริกาโน่,กาแฟ,1,55,55,QR พร้อมเพย์
2026-08-09,17:52,BB00484,นมสดคาราเมล,ไม่ใช่กาแฟ,1,60,60,QR พร้อมเพย์
2026-08-09,14:51,BB00485,มอคค่า,กาแฟ,1,70,70,บัตรเครดิต
2026-08-09,14:51,BB00485,ลาเต้,กาแฟ,1,65,65,บัตรเครดิต
2026-08-09,09:54,BB00486,ครัวซองต์,เบเกอรี่,1,65,65,QR พร้อมเพย์
2026-08-09,12:11,BB00487,โกโก้,ไม่ใช่กาแฟ,1,60,60,เงินสด
2026-08-09,12:11,BB00487,ลาเต้,กาแฟ,1,65,65,เงินสด
2026-08-09,14:51,BB00488,อเมริกาโน่,กาแฟ,2,55,110,เงินสด
2026-08-09,14:51,BB00488,ลาเต้,กาแฟ,1,65,65,เงินสด
2026-08-09,08:50,BB00489,ลาเต้,กาแฟ,2,65,130,เงินสด
2026-08-09,13:28,BB00490,อเมริกาโน่,กาแฟ,1,55,55,QR พร้อมเพย์
2026-08-09,07:53,BB00491,ครัวซองต์,เบเกอรี่,1,65,65,QR พร้อมเพย์
2026-08-09,07:53,BB00491,ชามะนาว,ชา,1,45,45,QR พร้อมเพย์
2026-08-09,10:16,BB00492,อเมริกาโน่,กาแฟ,1,55,55,QR พร้อมเพย์
2026-08-09,10:16,BB00492,ชีสเค้ก,เบเกอรี่,1,85,85,QR พร้อมเพย์
2026-08-09,07:24,BB00493,มัทฉะลาเต้,ชา,1,75,75,เงินสด
2026-08-09,09:09,BB00494,ชามะนาว,ชา,1,45,45,QR พร้อมเพย์
2026-08-09,15:07,BB00495,มัทฉะลาเต้,ชา,1,75,75,QR พร้อมเพย์
2026-08-09,08:31,BB00496,ชาไทย,ชา,2,55,110,QR พร้อมเพย์
2026-08-09,08:31,BB00496,อเมริกาโน่,กาแฟ,1,55,55,QR พร้อมเพย์
2026-08-09,16:38,BB00497,ลาเต้,กาแฟ,1,65,65,QR พร้อมเพย์
2026-08-09,16:38,BB00497,โกโก้,ไม่ใช่กาแฟ,1,60,60,QR พร้อมเพย์
2026-08-09,16:37,BB00498,มัทฉะลาเต้,ชา,2,75,150,บัตรเครดิต
2026-08-09,10:09,BB00499,คาปูชิโน่,กาแฟ,1,65,65,QR พร้อมเพย์
2026-08-09,09:47,BB00500,ครัวซองต์,เบเกอรี่,2,65,130,QR พร้อมเพย์
2026-08-09,14:29,BB00501,นมสดคาราเมล,ไม่ใช่กาแฟ,1,60,60,เงินสด
2026-08-10,07:02,BB00502,มัทฉะลาเต้,ชา,1,75,75,QR พร้อมเพย์
2026-08-10,12:22,BB00503,โกโก้,ไม่ใช่กาแฟ,1,60,60,เงินสด
2026-08-10,12:22,BB00503,มัทฉะลาเต้,ชา,1,75,75,เงินสด
2026-08-10,07:41,BB00504,อเมริกาโน่,กาแฟ,1,55,55,QR พร้อมเพย์
2026-08-10,16:07,BB00505,ชาไทย,ชา,1,55,55,เงินสด
2026-08-10,09:36,BB00506,คาปูชิโน่,กาแฟ,1,65,65,QR พร้อมเพย์
2026-08-10,10:13,BB00507,โกโก้,ไม่ใช่กาแฟ,1,60,60,บัตรเครดิต
2026-08-10,10:13,BB00507,ลาเต้,กาแฟ,1,65,65,บัตรเครดิต
2026-08-10,10:13,BB00507,อเมริกาโน่,กาแฟ,1,55,55,บัตรเครดิต
2026-08-10,15:44,BB00508,ลาเต้,กาแฟ,1,65,65,QR พร้อมเพย์
2026-08-10,15:44,BB00508,อเมริกาโน่,กาแฟ,1,55,55,QR พร้อมเพย์
2026-08-10,07:25,BB00509,ชาไทย,ชา,1,55,55,QR พร้อมเพย์
2026-08-10,13:13,BB00510,นมสดคาราเมล,ไม่ใช่กาแฟ,1,60,60,เงินสด
2026-08-10,08:15,BB00511,อเมริกาโน่,กาแฟ,1,55,55,เงินสด
2026-08-10,14:11,BB00512,นมสดคาราเมล,ไม่ใช่กาแฟ,1,60,60,QR พร้อมเพย์
2026-08-10,16:00,BB00513,นมสดคาราเมล,ไม่ใช่กาแฟ,1,60,60,QR พร้อมเพย์
2026-08-10,16:00,BB00513,นมสดคาราเมล,ไม่ใช่กาแฟ,1,60,60,QR พร้อมเพย์
2026-08-10,16:00,BB00513,ชาไทย,ชา,1,55,55,QR พร้อมเพย์
2026-08-10,15:49,BB00514,ลาเต้,กาแฟ,1,65,65,เงินสด
2026-08-10,18:00,BB00515,ชาไทย,ชา,1,55,55,QR พร้อมเพย์
2026-08-10,16:48,BB00516,ครัวซองต์,เบเกอรี่,1,65,65,QR พร้อมเพย์
2026-08-10,10:26,BB00517,คาปูชิโน่,กาแฟ,1,65,65,เงินสด
2026-08-10,10:26,BB00517,ชีสเค้ก,เบเกอรี่,1,85,85,เงินสด
2026-08-10,14:08,BB00518,ลาเต้,กาแฟ,1,65,65,เงินสด
2026-08-10,14:08,BB00518,เอสเพรสโซ่,กาแฟ,1,50,50,เงินสด
2026-08-10,13:10,BB00519,นมสดคาราเมล,ไม่ใช่กาแฟ,2,60,120,QR พร้อมเพย์
2026-08-10,13:10,BB00519,ลาเต้,กาแฟ,2,65,130,QR พร้อมเพย์
2026-08-10,12:40,BB00520,นมสดคาราเมล,ไม่ใช่กาแฟ,1,60,60,เงินสด
2026-08-10,12:40,BB00520,ครัวซองต์,เบเกอรี่,1,65,65,เงินสด
2026-08-10,12:40,BB00520,ลาเต้,กาแฟ,1,65,65,เงินสด
2026-08-10,09:31,BB00521,ครัวซองต์,เบเกอรี่,1,65,65,QR พร้อมเพย์
2026-08-10,09:31,BB00521,มัทฉะลาเต้,ชา,1,75,75,QR พร้อมเพย์
2026-08-10,09:31,BB00521,มัทฉะลาเต้,ชา,1,75,75,QR พร้อมเพย์
2026-08-10,10:24,BB00522,มัทฉะลาเต้,ชา,2,75,150,QR พร้อมเพย์
2026-08-10,10:38,BB00523,ลาเต้,กาแฟ,1,65,65,บัตรเครดิต
2026-08-10,12:07,BB00524,มอคค่า,กาแฟ,1,70,70,QR พร้อมเพย์
2026-08-10,08:34,BB00525,ครัวซองต์,เบเกอรี่,1,65,65,เงินสด
2026-08-10,09:05,BB00526,ครัวซองต์,เบเกอรี่,1,65,65,บัตรเครดิต
2026-08-10,12:15,BB00527,อเมริกาโน่,กาแฟ,2,55,110,เงินสด
2026-08-10,12:15,BB00527,ลาเต้,กาแฟ,1,65,65,เงินสด
2026-08-10,17:23,BB00528,นมสดคาราเมล,ไม่ใช่กาแฟ,2,60,120,เงินสด
2026-08-10,17:19,BB00529,ชาไทย,ชา,2,55,110,QR พร้อมเพย์
2026-08-10,17:19,BB00529,ลาเต้,กาแฟ,2,65,130,QR พร้อมเพย์
2026-08-10,17:19,BB00529,อเมริกาโน่,กาแฟ,1,55,55,QR พร้อมเพย์
2026-08-10,07:11,BB00530,ชาไทย,ชา,1,55,55,เงินสด
2026-08-10,14:43,BB00531,ครัวซองต์,เบเกอรี่,1,65,65,เงินสด
2026-08-10,10:59,BB00532,มอคค่า,กาแฟ,1,70,70,QR พร้อมเพย์
2026-08-10,10:17,BB00533,มัทฉะลาเต้,ชา,1,75,75,บัตรเครดิต
2026-08-10,10:33,BB00534,มัทฉะลาเต้,ชา,1,75,75,QR พร้อมเพย์
2026-08-10,13:01,BB00535,ชามะนาว,ชา,1,45,45,เงินสด
2026-08-10,13:01,BB00535,เอสเพรสโซ่,กาแฟ,1,50,50,เงินสด
2026-08-10,16:46,BB00536,บราวนี่,เบเกอรี่,1,55,55,QR พร้อมเพย์
2026-08-10,07:59,BB00537,มัทฉะลาเต้,ชา,1,75,75,QR พร้อมเพย์
2026-08-10,08:25,BB00538,ชีสเค้ก,เบเกอรี่,1,85,85,เงินสด
2026-08-10,09:49,BB00539,ชีสเค้ก,เบเกอรี่,1,85,85,QR พร้อมเพย์
2026-08-10,15:43,BB00540,ชีสเค้ก,เบเกอรี่,1,85,85,QR พร้อมเพย์
2026-08-10,16:20,BB00541,ครัวซองต์,เบเกอรี่,1,65,65,เงินสด
2026-08-10,10:08,BB00542,อเมริกาโน่,กาแฟ,1,55,55,เงินสด
2026-08-10,10:08,BB00542,ชาไทย,ชา,1,55,55,เงินสด
2026-08-10,16:37,BB00543,ชีสเค้ก,เบเกอรี่,2,85,170,เงินสด
2026-08-10,09:19,BB00544,มัทฉะลาเต้,ชา,2,75,150,QR พร้อมเพย์
2026-08-10,10:43,BB00545,มอคค่า,กาแฟ,2,70,140,เงินสด
2026-08-10,09:13,BB00546,ชาไทย,ชา,1,55,55,บัตรเครดิต
2026-08-10,09:13,BB00546,อเมริกาโน่,กาแฟ,2,55,110,บัตรเครดิต
2026-08-10,07:17,BB00547,ชาไทย,ชา,1,55,55,QR พร้อมเพย์
2026-08-10,14:17,BB00548,มอคค่า,กาแฟ,2,70,140,QR พร้อมเพย์
2026-08-10,14:17,BB00548,ครัวซองต์,เบเกอรี่,1,65,65,QR พร้อมเพย์
2026-08-10,11:00,BB00549,ชาไทย,ชา,1,55,55,เงินสด
2026-08-10,11:00,BB00549,บราวนี่,เบเกอรี่,1,55,55,เงินสด
2026-08-10,09:04,BB00550,มัทฉะลาเต้,ชา,2,75,150,QR พร้อมเพย์
2026-08-10,15:45,BB00551,มัทฉะลาเต้,ชา,2,75,150,เงินสด
2026-08-10,13:44,BB00552,ครัวซองต์,เบเกอรี่,1,65,65,เงินสด
2026-08-10,15:25,BB00553,คาปูชิโน่,กาแฟ,1,65,65,QR พร้อมเพย์
2026-08-10,15:25,BB00553,ครัวซองต์,เบเกอรี่,1,65,65,QR พร้อมเพย์
2026-08-11,10:59,BB00554,คาปูชิโน่,กาแฟ,1,65,65,บัตรเครดิต
2026-08-11,10:32,BB00555,ลาเต้,กาแฟ,1,65,65,เงินสด
2026-08-11,09:46,BB00556,นมสดคาราเมล,ไม่ใช่กาแฟ,2,60,120,เงินสด
2026-08-11,09:46,BB00556,อเมริกาโน่,กาแฟ,1,55,55,เงินสด
2026-08-11,14:32,BB00557,อเมริกาโน่,กาแฟ,2,55,110,เงินสด
2026-08-11,17:24,BB00558,ชามะนาว,ชา,1,45,45,QR พร้อมเพย์
2026-08-11,12:17,BB00559,มัทฉะลาเต้,ชา,1,75,75,QR พร้อมเพย์
2026-08-11,12:17,BB00559,มัทฉะลาเต้,ชา,2,75,150,QR พร้อมเพย์
2026-08-11,10:23,BB00560,นมสดคาราเมล,ไม่ใช่กาแฟ,1,60,60,QR พร้อมเพย์
2026-08-11,10:23,BB00560,ชามะนาว,ชา,1,45,45,QR พร้อมเพย์
2026-08-11,10:23,BB00560,ครัวซองต์,เบเกอรี่,1,65,65,QR พร้อมเพย์
2026-08-11,07:40,BB00561,ชาไทย,ชา,2,55,110,QR พร้อมเพย์
2026-08-11,12:38,BB00562,ครัวซองต์,เบเกอรี่,1,65,65,QR พร้อมเพย์
2026-08-11,09:40,BB00563,ชาไทย,ชา,1,55,55,บัตรเครดิต
2026-08-11,09:40,BB00563,ชาไทย,ชา,2,55,110,บัตรเครดิต
2026-08-11,09:40,BB00563,ลาเต้,กาแฟ,2,65,130,บัตรเครดิต
2026-08-11,12:45,BB00564,อเมริกาโน่,กาแฟ,1,55,55,เงินสด
2026-08-11,12:45,BB00564,มอคค่า,กาแฟ,1,70,70,เงินสด
2026-08-11,13:46,BB00565,มอคค่า,กาแฟ,2,70,140,เงินสด
2026-08-11,10:42,BB00566,นมสดคาราเมล,ไม่ใช่กาแฟ,2,60,120,QR พร้อมเพย์
2026-08-11,10:42,BB00566,คาปูชิโน่,กาแฟ,2,65,130,QR พร้อมเพย์
2026-08-11,10:42,BB00566,อเมริกาโน่,กาแฟ,1,55,55,QR พร้อมเพย์
2026-08-11,08:29,BB00567,มัทฉะลาเต้,ชา,1,75,75,บัตรเครดิต
2026-08-11,08:29,BB00567,มัทฉะลาเต้,ชา,1,75,75,บัตรเครดิต
2026-08-11,08:48,BB00568,ชาไทย,ชา,1,55,55,เงินสด
2026-08-11,08:48,BB00568,ลาเต้,กาแฟ,1,65,65,เงินสด
2026-08-11,09:16,BB00569,ครัวซองต์,เบเกอรี่,1,65,65,เงินสด
2026-08-11,09:16,BB00569,นมสดคาราเมล,ไม่ใช่กาแฟ,1,60,60,เงินสด
2026-08-11,14:39,BB00570,ลาเต้,กาแฟ,1,65,65,QR พร้อมเพย์
2026-08-11,16:46,BB00571,ชาไทย,ชา,1,55,55,QR พร้อมเพย์
2026-08-11,12:20,BB00572,อเมริกาโน่,กาแฟ,1,55,55,บัตรเครดิต
2026-08-11,10:57,BB00573,โกโก้,ไม่ใช่กาแฟ,1,60,60,เงินสด
2026-08-11,10:57,BB00573,ครัวซองต์,เบเกอรี่,1,65,65,เงินสด
2026-08-11,16:31,BB00574,นมสดคาราเมล,ไม่ใช่กาแฟ,1,60,60,บัตรเครดิต
2026-08-11,16:31,BB00574,ครัวซองต์,เบเกอรี่,1,65,65,บัตรเครดิต
2026-08-11,16:31,BB00574,อเมริกาโน่,กาแฟ,1,55,55,บัตรเครดิต
2026-08-11,12:13,BB00575,บราวนี่,เบเกอรี่,1,55,55,QR พร้อมเพย์
2026-08-11,12:13,BB00575,ลาเต้,กาแฟ,2,65,130,QR พร้อมเพย์
2026-08-11,12:49,BB00576,นมสดคาราเมล,ไม่ใช่กาแฟ,2,60,120,QR พร้อมเพย์
2026-08-11,08:00,BB00577,ชาไทย,ชา,1,55,55,เงินสด
2026-08-11,08:00,BB00577,นมสดคาราเมล,ไม่ใช่กาแฟ,2,60,120,เงินสด
2026-08-11,08:49,BB00578,ชาไทย,ชา,1,55,55,เงินสด
2026-08-11,08:49,BB00578,คาปูชิโน่,กาแฟ,1,65,65,เงินสด
2026-08-11,16:31,BB00579,อเมริกาโน่,กาแฟ,1,55,55,QR พร้อมเพย์
2026-08-11,16:31,BB00579,คาปูชิโน่,กาแฟ,2,65,130,QR พร้อมเพย์
2026-08-11,16:31,BB00579,อเมริกาโน่,กาแฟ,2,55,110,QR พร้อมเพย์
2026-08-11,17:28,BB00580,มัทฉะลาเต้,ชา,1,75,75,QR พร้อมเพย์
2026-08-11,11:04,BB00581,ครัวซองต์,เบเกอรี่,1,65,65,QR พร้อมเพย์
2026-08-11,11:04,BB00581,มัทฉะลาเต้,ชา,2,75,150,QR พร้อมเพย์
2026-08-11,18:45,BB00582,เอสเพรสโซ่,กาแฟ,1,50,50,QR พร้อมเพย์
2026-08-11,18:45,BB00582,บราวนี่,เบเกอรี่,1,55,55,QR พร้อมเพย์
2026-08-11,08:15,BB00583,อเมริกาโน่,กาแฟ,1,55,55,QR พร้อมเพย์
2026-08-11,08:15,BB00583,โกโก้,ไม่ใช่กาแฟ,1,60,60,QR พร้อมเพย์
2026-08-11,14:41,BB00584,ชีสเค้ก,เบเกอรี่,2,85,170,เงินสด
2026-08-11,07:03,BB00585,ชีสเค้ก,เบเกอรี่,1,85,85,QR พร้อมเพย์
2026-08-11,07:03,BB00585,อเมริกาโน่,กาแฟ,1,55,55,QR พร้อมเพย์
2026-08-11,07:03,BB00585,ชาไทย,ชา,1,55,55,QR พร้อมเพย์
2026-08-11,07:29,BB00586,อเมริกาโน่,กาแฟ,2,55,110,เงินสด
2026-08-11,07:29,BB00586,ชามะนาว,ชา,1,45,45,เงินสด
2026-08-11,15:10,BB00587,ชาไทย,ชา,2,55,110,QR พร้อมเพย์
2026-08-11,10:56,BB00588,ชาไทย,ชา,2,55,110,เงินสด
2026-08-11,10:56,BB00588,ชาไทย,ชา,1,55,55,เงินสด
2026-08-11,12:51,BB00589,มัทฉะลาเต้,ชา,1,75,75,QR พร้อมเพย์
2026-08-11,12:51,BB00589,เอสเพรสโซ่,กาแฟ,1,50,50,QR พร้อมเพย์
2026-08-11,12:13,BB00590,นมสดคาราเมล,ไม่ใช่กาแฟ,1,60,60,เงินสด
2026-08-11,12:13,BB00590,อเมริกาโน่,กาแฟ,1,55,55,เงินสด
2026-08-11,09:27,BB00591,อเมริกาโน่,กาแฟ,1,55,55,บัตรเครดิต
2026-08-11,09:27,BB00591,ชามะนาว,ชา,1,45,45,บัตรเครดิต
2026-08-11,09:56,BB00592,คาปูชิโน่,กาแฟ,1,65,65,QR พร้อมเพย์
2026-08-11,14:09,BB00593,คาปูชิโน่,กาแฟ,1,65,65,QR พร้อมเพย์
2026-08-11,08:02,BB00594,มัทฉะลาเต้,ชา,1,75,75,เงินสด
2026-08-11,08:02,BB00594,เอสเพรสโซ่,กาแฟ,1,50,50,เงินสด
2026-08-11,12:41,BB00595,โกโก้,ไม่ใช่กาแฟ,1,60,60,เงินสด
2026-08-11,12:41,BB00595,อเมริกาโน่,กาแฟ,1,55,55,เงินสด
2026-08-11,14:42,BB00596,มอคค่า,กาแฟ,2,70,140,QR พร้อมเพย์
2026-08-11,14:42,BB00596,ลาเต้,กาแฟ,2,65,130,QR พร้อมเพย์
2026-08-11,11:45,BB00597,ครัวซองต์,เบเกอรี่,1,65,65,เงินสด
2026-08-11,11:45,BB00597,มอคค่า,กาแฟ,1,70,70,เงินสด
2026-08-11,08:41,BB00598,มัทฉะลาเต้,ชา,1,75,75,QR พร้อมเพย์
2026-08-11,14:20,BB00599,มอคค่า,กาแฟ,1,70,70,เงินสด
2026-08-11,09:56,BB00600,อเมริกาโน่,กาแฟ,1,55,55,QR พร้อมเพย์
2026-08-11,09:56,BB00600,ลาเต้,กาแฟ,1,65,65,QR พร้อมเพย์
2026-08-11,08:10,BB00601,คาปูชิโน่,กาแฟ,1,65,65,เงินสด
2026-08-11,08:10,BB00601,คาปูชิโน่,กาแฟ,1,65,65,เงินสด
2026-08-11,17:10,BB00602,มัทฉะลาเต้,ชา,1,75,75,เงินสด
2026-08-11,16:59,BB00603,ชีสเค้ก,เบเกอรี่,1,85,85,บัตรเครดิต
2026-08-11,16:59,BB00603,ลาเต้,กาแฟ,1,65,65,บัตรเครดิต
2026-08-11,16:00,BB00604,อเมริกาโน่,กาแฟ,2,55,110,QR พร้อมเพย์
2026-08-11,12:39,BB00605,โกโก้,ไม่ใช่กาแฟ,1,60,60,QR พร้อมเพย์
2026-08-11,12:39,BB00605,ลาเต้,กาแฟ,1,65,65,QR พร้อมเพย์
2026-08-11,07:44,BB00606,มัทฉะลาเต้,ชา,1,75,75,QR พร้อมเพย์
2026-08-11,07:44,BB00606,โกโก้,ไม่ใช่กาแฟ,1,60,60,QR พร้อมเพย์
2026-08-11,08:04,BB00607,อเมริกาโน่,กาแฟ,1,55,55,QR พร้อมเพย์
2026-08-12,08:04,BB00608,ชาไทย,ชา,2,55,110,เงินสด
2026-08-12,13:17,BB00609,บราวนี่,เบเกอรี่,1,55,55,บัตรเครดิต
2026-08-12,10:44,BB00610,โกโก้,ไม่ใช่กาแฟ,1,60,60,QR พร้อมเพย์
2026-08-12,17:21,BB00611,มอคค่า,กาแฟ,1,70,70,QR พร้อมเพย์
2026-08-12,08:13,BB00612,ลาเต้,กาแฟ,1,65,65,QR พร้อมเพย์
2026-08-12,08:13,BB00612,ลาเต้,กาแฟ,2,65,130,QR พร้อมเพย์
2026-08-12,08:42,BB00613,ลาเต้,กาแฟ,1,65,65,QR พร้อมเพย์
2026-08-12,11:53,BB00614,มัทฉะลาเต้,ชา,1,75,75,บัตรเครดิต
2026-08-12,09:04,BB00615,บราวนี่,เบเกอรี่,2,55,110,เงินสด
2026-08-12,10:34,BB00616,นมสดคาราเมล,ไม่ใช่กาแฟ,1,60,60,QR พร้อมเพย์
2026-08-12,10:33,BB00617,บราวนี่,เบเกอรี่,1,55,55,QR พร้อมเพย์
2026-08-12,10:33,BB00617,โกโก้,ไม่ใช่กาแฟ,2,60,120,QR พร้อมเพย์
2026-08-12,07:41,BB00618,มอคค่า,กาแฟ,1,70,70,เงินสด
2026-08-12,13:30,BB00619,อเมริกาโน่,กาแฟ,1,55,55,เงินสด
2026-08-12,10:18,BB00620,อเมริกาโน่,กาแฟ,1,55,55,เงินสด
2026-08-12,14:05,BB00621,บราวนี่,เบเกอรี่,2,55,110,QR พร้อมเพย์
2026-08-12,11:03,BB00622,คาปูชิโน่,กาแฟ,1,65,65,เงินสด
2026-08-12,17:35,BB00623,ชาไทย,ชา,1,55,55,เงินสด
2026-08-12,12:59,BB00624,บราวนี่,เบเกอรี่,1,55,55,QR พร้อมเพย์
2026-08-12,09:10,BB00625,อเมริกาโน่,กาแฟ,1,55,55,QR พร้อมเพย์
2026-08-12,11:29,BB00626,นมสดคาราเมล,ไม่ใช่กาแฟ,1,60,60,QR พร้อมเพย์
2026-08-12,08:17,BB00627,อเมริกาโน่,กาแฟ,2,55,110,QR พร้อมเพย์
2026-08-12,11:11,BB00628,นมสดคาราเมล,ไม่ใช่กาแฟ,2,60,120,QR พร้อมเพย์
2026-08-12,11:11,BB00628,มัทฉะลาเต้,ชา,1,75,75,QR พร้อมเพย์
2026-08-12,07:41,BB00629,มัทฉะลาเต้,ชา,1,75,75,เงินสด
2026-08-12,08:51,BB00630,อเมริกาโน่,กาแฟ,2,55,110,QR พร้อมเพย์
2026-08-12,13:41,BB00631,มัทฉะลาเต้,ชา,2,75,150,เงินสด
2026-08-12,08:13,BB00632,ชีสเค้ก,เบเกอรี่,2,85,170,QR พร้อมเพย์
2026-08-12,09:20,BB00633,มอคค่า,กาแฟ,1,70,70,QR พร้อมเพย์
2026-08-12,09:20,BB00633,อเมริกาโน่,กาแฟ,2,55,110,QR พร้อมเพย์
2026-08-12,09:20,BB00633,ลาเต้,กาแฟ,1,65,65,QR พร้อมเพย์
2026-08-12,12:47,BB00634,มัทฉะลาเต้,ชา,1,75,75,QR พร้อมเพย์
2026-08-12,12:47,BB00634,ครัวซองต์,เบเกอรี่,1,65,65,QR พร้อมเพย์
2026-08-12,12:47,BB00634,ชีสเค้ก,เบเกอรี่,1,85,85,QR พร้อมเพย์
2026-08-12,09:48,BB00635,คาปูชิโน่,กาแฟ,1,65,65,QR พร้อมเพย์
2026-08-12,07:23,BB00636,ครัวซองต์,เบเกอรี่,1,65,65,QR พร้อมเพย์
2026-08-12,15:38,BB00637,ชามะนาว,ชา,1,45,45,QR พร้อมเพย์
2026-08-12,09:07,BB00638,บราวนี่,เบเกอรี่,2,55,110,เงินสด
2026-08-12,08:20,BB00639,ลาเต้,กาแฟ,1,65,65,QR พร้อมเพย์
2026-08-12,12:28,BB00640,ชาไทย,ชา,1,55,55,QR พร้อมเพย์
2026-08-12,08:47,BB00641,มอคค่า,กาแฟ,1,70,70,เงินสด
2026-08-12,08:47,BB00641,บราวนี่,เบเกอรี่,1,55,55,เงินสด
2026-08-12,08:47,BB00641,อเมริกาโน่,กาแฟ,1,55,55,เงินสด
2026-08-12,09:11,BB00642,ชาไทย,ชา,2,55,110,QR พร้อมเพย์
2026-08-12,15:41,BB00643,เอสเพรสโซ่,กาแฟ,1,50,50,QR พร้อมเพย์
2026-08-12,12:43,BB00644,ชีสเค้ก,เบเกอรี่,1,85,85,QR พร้อมเพย์
2026-08-12,12:43,BB00644,อเมริกาโน่,กาแฟ,2,55,110,QR พร้อมเพย์
2026-08-12,12:11,BB00645,มัทฉะลาเต้,ชา,1,75,75,QR พร้อมเพย์
2026-08-12,12:11,BB00645,ชีสเค้ก,เบเกอรี่,1,85,85,QR พร้อมเพย์
2026-08-12,12:11,BB00645,ครัวซองต์,เบเกอรี่,1,65,65,QR พร้อมเพย์
2026-08-13,13:30,BB00646,บราวนี่,เบเกอรี่,1,55,55,เงินสด
2026-08-13,10:48,BB00647,ลาเต้,กาแฟ,2,65,130,QR พร้อมเพย์
2026-08-13,10:48,BB00647,นมสดคาราเมล,ไม่ใช่กาแฟ,1,60,60,QR พร้อมเพย์
2026-08-13,11:13,BB00648,อเมริกาโน่,กาแฟ,1,55,55,QR พร้อมเพย์
2026-08-13,10:45,BB00649,โกโก้,ไม่ใช่กาแฟ,1,60,60,QR พร้อมเพย์
2026-08-13,10:45,BB00649,ลาเต้,กาแฟ,1,65,65,QR พร้อมเพย์
2026-08-13,09:02,BB00650,มัทฉะลาเต้,ชา,1,75,75,QR พร้อมเพย์
2026-08-13,09:02,BB00650,เอสเพรสโซ่,กาแฟ,1,50,50,QR พร้อมเพย์
2026-08-13,10:34,BB00651,มอคค่า,กาแฟ,1,70,70,QR พร้อมเพย์
2026-08-13,10:34,BB00651,ชาไทย,ชา,1,55,55,QR พร้อมเพย์
2026-08-13,13:10,BB00652,มัทฉะลาเต้,ชา,1,75,75,QR พร้อมเพย์
2026-08-13,12:13,BB00653,ชีสเค้ก,เบเกอรี่,1,85,85,QR พร้อมเพย์
2026-08-13,12:13,BB00653,โกโก้,ไม่ใช่กาแฟ,1,60,60,QR พร้อมเพย์
2026-08-13,09:52,BB00654,มัทฉะลาเต้,ชา,1,75,75,เงินสด
2026-08-13,07:57,BB00655,โกโก้,ไม่ใช่กาแฟ,1,60,60,เงินสด
2026-08-13,08:00,BB00656,ลาเต้,กาแฟ,1,65,65,QR พร้อมเพย์
2026-08-13,09:57,BB00657,อเมริกาโน่,กาแฟ,1,55,55,QR พร้อมเพย์
2026-08-13,09:57,BB00657,บราวนี่,เบเกอรี่,2,55,110,QR พร้อมเพย์
2026-08-13,09:57,BB00657,อเมริกาโน่,กาแฟ,1,55,55,QR พร้อมเพย์
2026-08-13,12:20,BB00658,ครัวซองต์,เบเกอรี่,1,65,65,เงินสด
2026-08-13,12:20,BB00658,บราวนี่,เบเกอรี่,1,55,55,เงินสด
2026-08-13,09:04,BB00659,ลาเต้,กาแฟ,1,65,65,QR พร้อมเพย์
2026-08-13,09:04,BB00659,โกโก้,ไม่ใช่กาแฟ,1,60,60,QR พร้อมเพย์
2026-08-13,11:12,BB00660,นมสดคาราเมล,ไม่ใช่กาแฟ,1,60,60,QR พร้อมเพย์
2026-08-13,11:12,BB00660,ครัวซองต์,เบเกอรี่,1,65,65,QR พร้อมเพย์
2026-08-13,11:12,BB00660,ลาเต้,กาแฟ,1,65,65,QR พร้อมเพย์
2026-08-13,10:04,BB00661,มัทฉะลาเต้,ชา,1,75,75,QR พร้อมเพย์
2026-08-13,14:51,BB00662,มัทฉะลาเต้,ชา,2,75,150,QR พร้อมเพย์
2026-08-13,14:51,BB00662,เอสเพรสโซ่,กาแฟ,1,50,50,QR พร้อมเพย์
2026-08-13,07:59,BB00663,มัทฉะลาเต้,ชา,1,75,75,QR พร้อมเพย์
2026-08-13,09:27,BB00664,อเมริกาโน่,กาแฟ,1,55,55,QR พร้อมเพย์
2026-08-13,07:32,BB00665,ชามะนาว,ชา,1,45,45,เงินสด
2026-08-13,07:32,BB00665,บราวนี่,เบเกอรี่,1,55,55,เงินสด
2026-08-13,10:42,BB00666,อเมริกาโน่,กาแฟ,1,55,55,QR พร้อมเพย์
2026-08-13,10:45,BB00667,นมสดคาราเมล,ไม่ใช่กาแฟ,1,60,60,QR พร้อมเพย์
2026-08-13,10:45,BB00667,คาปูชิโน่,กาแฟ,1,65,65,QR พร้อมเพย์
2026-08-13,10:45,BB00667,อเมริกาโน่,กาแฟ,1,55,55,QR พร้อมเพย์
2026-08-13,08:03,BB00668,ลาเต้,กาแฟ,1,65,65,QR พร้อมเพย์
2026-08-13,09:01,BB00669,ชาไทย,ชา,1,55,55,เงินสด
2026-08-13,10:45,BB00670,อเมริกาโน่,กาแฟ,1,55,55,QR พร้อมเพย์
2026-08-13,13:27,BB00671,ชามะนาว,ชา,1,45,45,QR พร้อมเพย์
2026-08-13,10:30,BB00672,ชามะนาว,ชา,1,45,45,บัตรเครดิต
2026-08-13,14:46,BB00673,อเมริกาโน่,กาแฟ,1,55,55,บัตรเครดิต
2026-08-13,14:46,BB00673,มัทฉะลาเต้,ชา,1,75,75,บัตรเครดิต
2026-08-13,07:58,BB00674,ชามะนาว,ชา,1,45,45,QR พร้อมเพย์
2026-08-13,13:54,BB00675,มอคค่า,กาแฟ,1,70,70,QR พร้อมเพย์
2026-08-13,13:54,BB00675,มอคค่า,กาแฟ,1,70,70,QR พร้อมเพย์
2026-08-13,17:03,BB00676,ชามะนาว,ชา,1,45,45,เงินสด
2026-08-13,17:03,BB00676,ชามะนาว,ชา,1,45,45,เงินสด
2026-08-13,17:03,BB00676,นมสดคาราเมล,ไม่ใช่กาแฟ,1,60,60,เงินสด
2026-08-13,10:15,BB00677,มอคค่า,กาแฟ,1,70,70,เงินสด
2026-08-13,10:15,BB00677,อเมริกาโน่,กาแฟ,1,55,55,เงินสด
2026-08-13,18:07,BB00678,บราวนี่,เบเกอรี่,1,55,55,เงินสด
2026-08-13,18:07,BB00678,มอคค่า,กาแฟ,1,70,70,เงินสด
2026-08-13,18:07,BB00678,ลาเต้,กาแฟ,2,65,130,เงินสด
2026-08-13,14:25,BB00679,อเมริกาโน่,กาแฟ,1,55,55,QR พร้อมเพย์
2026-08-13,14:25,BB00679,ชีสเค้ก,เบเกอรี่,1,85,85,QR พร้อมเพย์
2026-08-13,15:21,BB00680,ชาไทย,ชา,2,55,110,QR พร้อมเพย์
2026-08-13,13:54,BB00681,โกโก้,ไม่ใช่กาแฟ,2,60,120,QR พร้อมเพย์
2026-08-13,13:42,BB00682,ครัวซองต์,เบเกอรี่,1,65,65,QR พร้อมเพย์
2026-08-13,13:42,BB00682,อเมริกาโน่,กาแฟ,1,55,55,QR พร้อมเพย์
2026-08-13,12:57,BB00683,ลาเต้,กาแฟ,1,65,65,เงินสด
2026-08-13,12:57,BB00683,ครัวซองต์,เบเกอรี่,2,65,130,เงินสด
2026-08-13,12:57,BB00683,ลาเต้,กาแฟ,1,65,65,เงินสด
2026-08-13,10:18,BB00684,บราวนี่,เบเกอรี่,1,55,55,เงินสด
2026-08-14,14:36,BB00685,บราวนี่,เบเกอรี่,2,55,110,QR พร้อมเพย์
2026-08-14,18:46,BB00686,ลาเต้,กาแฟ,1,65,65,เงินสด
2026-08-14,10:27,BB00687,ชาไทย,ชา,1,55,55,QR พร้อมเพย์
2026-08-14,15:22,BB00688,คาปูชิโน่,กาแฟ,1,65,65,QR พร้อมเพย์
2026-08-14,15:47,BB00689,บราวนี่,เบเกอรี่,1,55,55,QR พร้อมเพย์
2026-08-14,15:29,BB00690,เอสเพรสโซ่,กาแฟ,1,50,50,บัตรเครดิต
2026-08-14,15:46,BB00691,อเมริกาโน่,กาแฟ,1,55,55,QR พร้อมเพย์
2026-08-14,07:50,BB00692,มัทฉะลาเต้,ชา,1,75,75,เงินสด
2026-08-14,08:55,BB00693,นมสดคาราเมล,ไม่ใช่กาแฟ,2,60,120,QR พร้อมเพย์
2026-08-14,10:40,BB00694,คาปูชิโน่,กาแฟ,1,65,65,QR พร้อมเพย์
2026-08-14,15:47,BB00695,อเมริกาโน่,กาแฟ,1,55,55,QR พร้อมเพย์
2026-08-14,15:33,BB00696,อเมริกาโน่,กาแฟ,2,55,110,เงินสด
2026-08-14,09:13,BB00697,ชีสเค้ก,เบเกอรี่,1,85,85,QR พร้อมเพย์
2026-08-14,08:58,BB00698,ชาไทย,ชา,1,55,55,QR พร้อมเพย์
2026-08-14,08:05,BB00699,ชาไทย,ชา,1,55,55,เงินสด
2026-08-14,08:50,BB00700,ลาเต้,กาแฟ,2,65,130,QR พร้อมเพย์
2026-08-14,08:50,BB00700,ชีสเค้ก,เบเกอรี่,1,85,85,QR พร้อมเพย์
2026-08-14,10:45,BB00701,คาปูชิโน่,กาแฟ,2,65,130,เงินสด
2026-08-14,12:11,BB00702,อเมริกาโน่,กาแฟ,2,55,110,QR พร้อมเพย์
2026-08-14,12:11,BB00702,มัทฉะลาเต้,ชา,1,75,75,QR พร้อมเพย์
2026-08-14,15:57,BB00703,บราวนี่,เบเกอรี่,1,55,55,QR พร้อมเพย์
2026-08-14,14:55,BB00704,อเมริกาโน่,กาแฟ,1,55,55,QR พร้อมเพย์
2026-08-14,16:54,BB00705,ชีสเค้ก,เบเกอรี่,1,85,85,QR พร้อมเพย์
2026-08-14,16:54,BB00705,บราวนี่,เบเกอรี่,1,55,55,QR พร้อมเพย์
2026-08-14,16:54,BB00705,อเมริกาโน่,กาแฟ,1,55,55,QR พร้อมเพย์
2026-08-14,15:27,BB00706,มัทฉะลาเต้,ชา,1,75,75,เงินสด
2026-08-14,15:27,BB00706,ลาเต้,กาแฟ,1,65,65,เงินสด
2026-08-14,08:49,BB00707,โกโก้,ไม่ใช่กาแฟ,1,60,60,เงินสด
2026-08-14,09:16,BB00708,ลาเต้,กาแฟ,1,65,65,เงินสด
2026-08-14,09:16,BB00708,ครัวซองต์,เบเกอรี่,2,65,130,เงินสด
2026-08-14,14:07,BB00709,ชามะนาว,ชา,1,45,45,QR พร้อมเพย์
2026-08-14,14:07,BB00709,ครัวซองต์,เบเกอรี่,2,65,130,QR พร้อมเพย์
2026-08-14,08:00,BB00710,อเมริกาโน่,กาแฟ,1,55,55,QR พร้อมเพย์
2026-08-14,13:09,BB00711,ลาเต้,กาแฟ,1,65,65,QR พร้อมเพย์
2026-08-14,10:46,BB00712,อเมริกาโน่,กาแฟ,1,55,55,เงินสด
2026-08-14,13:19,BB00713,เอสเพรสโซ่,กาแฟ,1,50,50,QR พร้อมเพย์
2026-08-14,13:19,BB00713,มัทฉะลาเต้,ชา,1,75,75,QR พร้อมเพย์
2026-08-14,09:26,BB00714,ชีสเค้ก,เบเกอรี่,1,85,85,QR พร้อมเพย์
2026-08-14,17:30,BB00715,ชาไทย,ชา,1,55,55,QR พร้อมเพย์
2026-08-14,09:22,BB00716,มอคค่า,กาแฟ,1,70,70,QR พร้อมเพย์
2026-08-14,09:22,BB00716,มอคค่า,กาแฟ,1,70,70,QR พร้อมเพย์
2026-08-14,09:22,BB00716,ชามะนาว,ชา,1,45,45,QR พร้อมเพย์
2026-08-14,08:55,BB00717,อเมริกาโน่,กาแฟ,1,55,55,QR พร้อมเพย์
2026-08-14,11:32,BB00718,มอคค่า,กาแฟ,1,70,70,QR พร้อมเพย์
2026-08-14,11:32,BB00718,ลาเต้,กาแฟ,1,65,65,QR พร้อมเพย์
2026-08-14,11:32,BB00718,มัทฉะลาเต้,ชา,1,75,75,QR พร้อมเพย์
2026-08-14,17:09,BB00719,มอคค่า,กาแฟ,1,70,70,QR พร้อมเพย์
2026-08-14,17:09,BB00719,ชาไทย,ชา,1,55,55,QR พร้อมเพย์
2026-08-14,15:10,BB00720,ลาเต้,กาแฟ,1,65,65,QR พร้อมเพย์
2026-08-14,16:51,BB00721,นมสดคาราเมล,ไม่ใช่กาแฟ,1,60,60,บัตรเครดิต
2026-08-14,16:51,BB00721,ลาเต้,กาแฟ,1,65,65,บัตรเครดิต
2026-08-14,07:35,BB00722,มัทฉะลาเต้,ชา,1,75,75,QR พร้อมเพย์
2026-08-14,07:35,BB00722,คาปูชิโน่,กาแฟ,1,65,65,QR พร้อมเพย์
2026-08-14,07:35,BB00722,มัทฉะลาเต้,ชา,1,75,75,QR พร้อมเพย์
2026-08-14,09:23,BB00723,นมสดคาราเมล,ไม่ใช่กาแฟ,1,60,60,QR พร้อมเพย์
2026-08-14,07:57,BB00724,อเมริกาโน่,กาแฟ,1,55,55,QR พร้อมเพย์
2026-08-14,07:57,BB00724,อเมริกาโน่,กาแฟ,1,55,55,QR พร้อมเพย์
2026-08-14,08:51,BB00725,ลาเต้,กาแฟ,1,65,65,เงินสด
2026-08-14,08:46,BB00726,อเมริกาโน่,กาแฟ,1,55,55,บัตรเครดิต
2026-08-14,18:49,BB00727,ลาเต้,กาแฟ,1,65,65,บัตรเครดิต
2026-08-14,15:24,BB00728,ชามะนาว,ชา,1,45,45,QR พร้อมเพย์
2026-08-14,15:24,BB00728,อเมริกาโน่,กาแฟ,1,55,55,QR พร้อมเพย์
2026-08-14,08:10,BB00729,ชามะนาว,ชา,1,45,45,เงินสด
2026-08-14,08:10,BB00730,คาปูชิโน่,กาแฟ,2,65,130,เงินสด
2026-08-14,09:07,BB00731,มอคค่า,กาแฟ,1,70,70,บัตรเครดิต
2026-08-14,09:01,BB00732,ลาเต้,กาแฟ,1,65,65,บัตรเครดิต
2026-08-14,09:01,BB00732,อเมริกาโน่,กาแฟ,1,55,55,บัตรเครดิต
2026-08-14,14:03,BB00733,บราวนี่,เบเกอรี่,1,55,55,QR พร้อมเพย์
2026-08-14,14:03,BB00733,ชาไทย,ชา,2,55,110,QR พร้อมเพย์
2026-08-14,07:28,BB00734,คาปูชิโน่,กาแฟ,1,65,65,QR พร้อมเพย์
2026-08-14,07:28,BB00734,บราวนี่,เบเกอรี่,2,55,110,QR พร้อมเพย์
2026-08-14,16:35,BB00735,ชามะนาว,ชา,1,45,45,QR พร้อมเพย์
2026-08-14,13:32,BB00736,ชาไทย,ชา,1,55,55,QR พร้อมเพย์
2026-08-14,13:32,BB00736,นมสดคาราเมล,ไม่ใช่กาแฟ,1,60,60,QR พร้อมเพย์
2026-08-14,13:36,BB00737,คาปูชิโน่,กาแฟ,1,65,65,QR พร้อมเพย์
2026-08-14,13:36,BB00737,ชาไทย,ชา,2,55,110,QR พร้อมเพย์
2026-08-14,08:57,BB00738,บราวนี่,เบเกอรี่,1,55,55,QR พร้อมเพย์
2026-08-14,15:52,BB00739,คาปูชิโน่,กาแฟ,1,65,65,เงินสด
2026-08-14,12:51,BB00740,ครัวซองต์,เบเกอรี่,1,65,65,QR พร้อมเพย์
2026-08-14,09:59,BB00741,ครัวซองต์,เบเกอรี่,1,65,65,บัตรเครดิต
2026-08-14,11:05,BB00742,มัทฉะลาเต้,ชา,1,75,75,QR พร้อมเพย์
2026-08-14,11:05,BB00742,บราวนี่,เบเกอรี่,1,55,55,QR พร้อมเพย์
2026-08-14,11:05,BB00742,นมสดคาราเมล,ไม่ใช่กาแฟ,1,60,60,QR พร้อมเพย์
2026-08-15,16:38,BB00743,โกโก้,ไม่ใช่กาแฟ,1,60,60,QR พร้อมเพย์
2026-08-15,14:41,BB00744,ครัวซองต์,เบเกอรี่,1,65,65,QR พร้อมเพย์
2026-08-15,08:16,BB00745,บราวนี่,เบเกอรี่,2,55,110,เงินสด
2026-08-15,18:27,BB00746,มัทฉะลาเต้,ชา,1,75,75,QR พร้อมเพย์
2026-08-15,18:27,BB00746,มัทฉะลาเต้,ชา,1,75,75,QR พร้อมเพย์
2026-08-15,13:44,BB00747,โกโก้,ไม่ใช่กาแฟ,1,60,60,QR พร้อมเพย์
2026-08-15,13:03,BB00748,โกโก้,ไม่ใช่กาแฟ,2,60,120,QR พร้อมเพย์
2026-08-15,13:03,BB00748,คาปูชิโน่,กาแฟ,2,65,130,QR พร้อมเพย์
2026-08-15,15:16,BB00749,ชาไทย,ชา,1,55,55,QR พร้อมเพย์
2026-08-15,15:57,BB00750,มัทฉะลาเต้,ชา,2,75,150,QR พร้อมเพย์
2026-08-15,08:18,BB00751,ลาเต้,กาแฟ,1,65,65,QR พร้อมเพย์
2026-08-15,08:18,BB00751,นมสดคาราเมล,ไม่ใช่กาแฟ,1,60,60,QR พร้อมเพย์
2026-08-15,08:18,BB00751,ลาเต้,กาแฟ,1,65,65,QR พร้อมเพย์
2026-08-15,10:10,BB00752,ครัวซองต์,เบเกอรี่,1,65,65,บัตรเครดิต
2026-08-15,09:03,BB00753,มัทฉะลาเต้,ชา,2,75,150,เงินสด
2026-08-15,09:03,BB00753,โกโก้,ไม่ใช่กาแฟ,1,60,60,เงินสด
2026-08-15,09:03,BB00753,ชาไทย,ชา,2,55,110,เงินสด
2026-08-15,11:06,BB00754,คาปูชิโน่,กาแฟ,1,65,65,QR พร้อมเพย์
2026-08-15,10:41,BB00755,ชีสเค้ก,เบเกอรี่,2,85,170,QR พร้อมเพย์
2026-08-15,10:41,BB00755,อเมริกาโน่,กาแฟ,1,55,55,QR พร้อมเพย์
2026-08-15,12:25,BB00756,บราวนี่,เบเกอรี่,1,55,55,QR พร้อมเพย์
2026-08-15,12:25,BB00756,บราวนี่,เบเกอรี่,1,55,55,QR พร้อมเพย์
2026-08-15,12:25,BB00756,อเมริกาโน่,กาแฟ,1,55,55,QR พร้อมเพย์
2026-08-15,18:21,BB00757,คาปูชิโน่,กาแฟ,2,65,130,เงินสด
2026-08-15,18:21,BB00757,ชีสเค้ก,เบเกอรี่,1,85,85,เงินสด
2026-08-15,12:21,BB00758,คาปูชิโน่,กาแฟ,1,65,65,QR พร้อมเพย์
2026-08-15,09:07,BB00759,คาปูชิโน่,กาแฟ,1,65,65,บัตรเครดิต
2026-08-15,17:44,BB00760,มัทฉะลาเต้,ชา,1,75,75,QR พร้อมเพย์
2026-08-15,17:44,BB00760,ครัวซองต์,เบเกอรี่,1,65,65,QR พร้อมเพย์
2026-08-15,17:44,BB00760,คาปูชิโน่,กาแฟ,1,65,65,QR พร้อมเพย์
2026-08-15,09:45,BB00761,อเมริกาโน่,กาแฟ,1,55,55,เงินสด
2026-08-15,09:45,BB00761,ชาไทย,ชา,1,55,55,เงินสด
2026-08-15,09:45,BB00761,ชาไทย,ชา,1,55,55,เงินสด
2026-08-15,15:42,BB00762,อเมริกาโน่,กาแฟ,1,55,55,เงินสด
2026-08-15,12:42,BB00763,มอคค่า,กาแฟ,2,70,140,เงินสด
2026-08-15,10:36,BB00764,คาปูชิโน่,กาแฟ,1,65,65,QR พร้อมเพย์
2026-08-15,12:11,BB00765,ลาเต้,กาแฟ,2,65,130,เงินสด
2026-08-15,08:59,BB00766,โกโก้,ไม่ใช่กาแฟ,2,60,120,เงินสด
2026-08-15,13:24,BB00767,อเมริกาโน่,กาแฟ,2,55,110,QR พร้อมเพย์
2026-08-15,13:24,BB00767,ชีสเค้ก,เบเกอรี่,1,85,85,QR พร้อมเพย์
2026-08-15,14:17,BB00768,ครัวซองต์,เบเกอรี่,1,65,65,QR พร้อมเพย์
2026-08-15,07:03,BB00769,มัทฉะลาเต้,ชา,1,75,75,บัตรเครดิต
2026-08-15,07:03,BB00769,โกโก้,ไม่ใช่กาแฟ,1,60,60,บัตรเครดิต
2026-08-15,10:57,BB00770,อเมริกาโน่,กาแฟ,1,55,55,QR พร้อมเพย์
2026-08-15,08:50,BB00771,ชาไทย,ชา,1,55,55,QR พร้อมเพย์
2026-08-15,12:26,BB00772,โกโก้,ไม่ใช่กาแฟ,1,60,60,QR พร้อมเพย์
2026-08-15,12:26,BB00772,อเมริกาโน่,กาแฟ,2,55,110,QR พร้อมเพย์
2026-08-15,07:57,BB00773,อเมริกาโน่,กาแฟ,1,55,55,QR พร้อมเพย์
2026-08-15,10:21,BB00774,ชีสเค้ก,เบเกอรี่,2,85,170,QR พร้อมเพย์
2026-08-15,08:32,BB00775,บราวนี่,เบเกอรี่,1,55,55,เงินสด
2026-08-15,09:49,BB00776,มัทฉะลาเต้,ชา,1,75,75,QR พร้อมเพย์
2026-08-15,10:32,BB00777,ชามะนาว,ชา,1,45,45,QR พร้อมเพย์
2026-08-15,11:59,BB00778,มอคค่า,กาแฟ,1,70,70,บัตรเครดิต
2026-08-15,11:59,BB00778,อเมริกาโน่,กาแฟ,1,55,55,บัตรเครดิต
2026-08-15,15:41,BB00779,นมสดคาราเมล,ไม่ใช่กาแฟ,1,60,60,QR พร้อมเพย์
2026-08-15,15:41,BB00779,อเมริกาโน่,กาแฟ,1,55,55,QR พร้อมเพย์
2026-08-15,12:47,BB00780,ลาเต้,กาแฟ,1,65,65,QR พร้อมเพย์
2026-08-15,11:42,BB00781,เอสเพรสโซ่,กาแฟ,1,50,50,QR พร้อมเพย์
2026-08-15,13:06,BB00782,ชามะนาว,ชา,2,45,90,เงินสด
2026-08-15,10:17,BB00783,อเมริกาโน่,กาแฟ,1,55,55,QR พร้อมเพย์
2026-08-15,15:04,BB00784,ชาไทย,ชา,2,55,110,เงินสด
2026-08-15,16:06,BB00785,ลาเต้,กาแฟ,1,65,65,QR พร้อมเพย์
2026-08-15,16:06,BB00785,บราวนี่,เบเกอรี่,1,55,55,QR พร้อมเพย์
2026-08-15,11:04,BB00786,เอสเพรสโซ่,กาแฟ,1,50,50,บัตรเครดิต
2026-08-15,11:04,BB00786,ชาไทย,ชา,1,55,55,บัตรเครดิต
2026-08-15,13:44,BB00787,โกโก้,ไม่ใช่กาแฟ,1,60,60,เงินสด
2026-08-15,13:44,BB00787,นมสดคาราเมล,ไม่ใช่กาแฟ,1,60,60,เงินสด
2026-08-15,13:44,BB00787,นมสดคาราเมล,ไม่ใช่กาแฟ,1,60,60,เงินสด
2026-08-15,09:46,BB00788,ครัวซองต์,เบเกอรี่,1,65,65,เงินสด
2026-08-15,15:10,BB00789,อเมริกาโน่,กาแฟ,1,55,55,บัตรเครดิต
2026-08-15,14:55,BB00790,มัทฉะลาเต้,ชา,1,75,75,เงินสด
2026-08-15,14:55,BB00790,อเมริกาโน่,กาแฟ,2,55,110,เงินสด
2026-08-15,14:55,BB00790,อเมริกาโน่,กาแฟ,1,55,55,เงินสด
2026-08-15,08:55,BB00791,ชีสเค้ก,เบเกอรี่,1,85,85,QR พร้อมเพย์
2026-08-15,08:55,BB00791,บราวนี่,เบเกอรี่,1,55,55,QR พร้อมเพย์
2026-08-15,16:37,BB00792,นมสดคาราเมล,ไม่ใช่กาแฟ,2,60,120,QR พร้อมเพย์
2026-08-15,16:37,BB00792,ชาไทย,ชา,1,55,55,QR พร้อมเพย์
2026-08-15,16:37,BB00792,ลาเต้,กาแฟ,1,65,65,QR พร้อมเพย์
2026-08-15,08:22,BB00793,ลาเต้,กาแฟ,1,65,65,QR พร้อมเพย์
2026-08-15,11:32,BB00794,มัทฉะลาเต้,ชา,1,75,75,เงินสด
2026-08-15,09:07,BB00795,นมสดคาราเมล,ไม่ใช่กาแฟ,1,60,60,QR พร้อมเพย์
2026-08-15,09:07,BB00795,ลาเต้,กาแฟ,2,65,130,QR พร้อมเพย์
2026-08-15,12:24,BB00796,ครัวซองต์,เบเกอรี่,1,65,65,QR พร้อมเพย์
2026-08-15,09:20,BB00797,เอสเพรสโซ่,กาแฟ,1,50,50,QR พร้อมเพย์
2026-08-15,09:23,BB00798,มัทฉะลาเต้,ชา,2,75,150,เงินสด
2026-08-15,18:27,BB00799,มัทฉะลาเต้,ชา,1,75,75,QR พร้อมเพย์
2026-08-15,18:27,BB00799,ลาเต้,กาแฟ,1,65,65,QR พร้อมเพย์
2026-08-15,10:02,BB00800,ครัวซองต์,เบเกอรี่,2,65,130,QR พร้อมเพย์
2026-08-15,10:02,BB00800,ลาเต้,กาแฟ,1,65,65,QR พร้อมเพย์
2026-08-15,10:30,BB00801,โกโก้,ไม่ใช่กาแฟ,1,60,60,เงินสด
2026-08-15,10:30,BB00801,คาปูชิโน่,กาแฟ,1,65,65,เงินสด
2026-08-15,11:45,BB00802,มอคค่า,กาแฟ,2,70,140,เงินสด
2026-08-15,09:09,BB00803,ลาเต้,กาแฟ,1,65,65,QR พร้อมเพย์
2026-08-15,09:09,BB00803,ลาเต้,กาแฟ,2,65,130,QR พร้อมเพย์
2026-08-15,09:09,BB00803,ครัวซองต์,เบเกอรี่,1,65,65,QR พร้อมเพย์
2026-08-15,15:57,BB00804,อเมริกาโน่,กาแฟ,1,55,55,เงินสด
2026-08-15,12:07,BB00805,มอคค่า,กาแฟ,1,70,70,บัตรเครดิต
2026-08-15,09:01,BB00806,นมสดคาราเมล,ไม่ใช่กาแฟ,1,60,60,QR พร้อมเพย์
2026-08-16,14:21,BB00807,โกโก้,ไม่ใช่กาแฟ,1,60,60,เงินสด
2026-08-16,12:36,BB00808,ลาเต้,กาแฟ,2,65,130,QR พร้อมเพย์
2026-08-16,16:14,BB00809,ครัวซองต์,เบเกอรี่,1,65,65,QR พร้อมเพย์
2026-08-16,16:14,BB00809,ชาไทย,ชา,1,55,55,QR พร้อมเพย์
2026-08-16,15:05,BB00810,ลาเต้,กาแฟ,1,65,65,QR พร้อมเพย์
2026-08-16,11:23,BB00811,คาปูชิโน่,กาแฟ,1,65,65,เงินสด
2026-08-16,13:27,BB00812,คาปูชิโน่,กาแฟ,1,65,65,เงินสด
2026-08-16,15:51,BB00813,ชามะนาว,ชา,1,45,45,QR พร้อมเพย์
2026-08-16,07:42,BB00814,มัทฉะลาเต้,ชา,1,75,75,QR พร้อมเพย์
2026-08-16,15:35,BB00815,ชีสเค้ก,เบเกอรี่,2,85,170,บัตรเครดิต
2026-08-16,14:47,BB00816,อเมริกาโน่,กาแฟ,1,55,55,QR พร้อมเพย์
2026-08-16,14:47,BB00816,ลาเต้,กาแฟ,1,65,65,QR พร้อมเพย์
2026-08-16,14:47,BB00816,อเมริกาโน่,กาแฟ,1,55,55,QR พร้อมเพย์
2026-08-16,10:27,BB00817,บราวนี่,เบเกอรี่,1,55,55,QR พร้อมเพย์
2026-08-16,10:45,BB00818,ชาไทย,ชา,1,55,55,เงินสด
2026-08-16,15:13,BB00819,ครัวซองต์,เบเกอรี่,1,65,65,เงินสด
2026-08-16,12:17,BB00820,ชีสเค้ก,เบเกอรี่,1,85,85,เงินสด
2026-08-16,08:42,BB00821,อเมริกาโน่,กาแฟ,1,55,55,บัตรเครดิต
2026-08-16,08:42,BB00821,อเมริกาโน่,กาแฟ,1,55,55,บัตรเครดิต
2026-08-16,07:57,BB00822,อเมริกาโน่,กาแฟ,1,55,55,QR พร้อมเพย์
2026-08-16,13:28,BB00823,ลาเต้,กาแฟ,1,65,65,QR พร้อมเพย์
2026-08-16,08:58,BB00824,อเมริกาโน่,กาแฟ,1,55,55,QR พร้อมเพย์
2026-08-16,08:58,BB00824,ชีสเค้ก,เบเกอรี่,1,85,85,QR พร้อมเพย์
2026-08-16,13:31,BB00825,ชาไทย,ชา,1,55,55,QR พร้อมเพย์
2026-08-16,13:31,BB00825,ลาเต้,กาแฟ,1,65,65,QR พร้อมเพย์
2026-08-16,15:32,BB00826,ลาเต้,กาแฟ,1,65,65,เงินสด
2026-08-16,15:32,BB00826,คาปูชิโน่,กาแฟ,1,65,65,เงินสด
2026-08-16,08:30,BB00827,ลาเต้,กาแฟ,1,65,65,QR พร้อมเพย์
2026-08-16,09:39,BB00828,ครัวซองต์,เบเกอรี่,1,65,65,QR พร้อมเพย์
2026-08-16,09:39,BB00828,โกโก้,ไม่ใช่กาแฟ,1,60,60,QR พร้อมเพย์
2026-08-16,09:39,BB00828,อเมริกาโน่,กาแฟ,2,55,110,QR พร้อมเพย์
2026-08-16,11:35,BB00829,มัทฉะลาเต้,ชา,1,75,75,บัตรเครดิต
2026-08-16,11:35,BB00829,มัทฉะลาเต้,ชา,1,75,75,บัตรเครดิต
2026-08-16,17:32,BB00830,ครัวซองต์,เบเกอรี่,1,65,65,QR พร้อมเพย์
2026-08-16,15:33,BB00831,ลาเต้,กาแฟ,1,65,65,เงินสด
2026-08-16,15:33,BB00831,ครัวซองต์,เบเกอรี่,1,65,65,เงินสด
2026-08-16,09:11,BB00832,คาปูชิโน่,กาแฟ,1,65,65,เงินสด
2026-08-16,09:11,BB00832,คาปูชิโน่,กาแฟ,1,65,65,เงินสด
2026-08-16,08:39,BB00833,ชามะนาว,ชา,1,45,45,QR พร้อมเพย์
2026-08-16,09:47,BB00834,ชีสเค้ก,เบเกอรี่,1,85,85,บัตรเครดิต
2026-08-16,09:47,BB00834,นมสดคาราเมล,ไม่ใช่กาแฟ,1,60,60,บัตรเครดิต
2026-08-16,17:51,BB00835,ลาเต้,กาแฟ,2,65,130,เงินสด
2026-08-16,13:30,BB00836,อเมริกาโน่,กาแฟ,1,55,55,QR พร้อมเพย์
2026-08-16,13:30,BB00836,เอสเพรสโซ่,กาแฟ,1,50,50,QR พร้อมเพย์
2026-08-16,11:12,BB00837,ลาเต้,กาแฟ,2,65,130,บัตรเครดิต
2026-08-16,12:08,BB00838,ลาเต้,กาแฟ,1,65,65,QR พร้อมเพย์
2026-08-16,17:23,BB00839,ชาไทย,ชา,1,55,55,QR พร้อมเพย์
2026-08-16,14:51,BB00840,ลาเต้,กาแฟ,1,65,65,QR พร้อมเพย์
2026-08-16,14:42,BB00841,โกโก้,ไม่ใช่กาแฟ,1,60,60,บัตรเครดิต
2026-08-16,09:32,BB00842,มัทฉะลาเต้,ชา,1,75,75,เงินสด
2026-08-16,09:32,BB00842,ชาไทย,ชา,2,55,110,เงินสด
2026-08-16,09:32,BB00842,ลาเต้,กาแฟ,1,65,65,เงินสด
2026-08-16,08:18,BB00843,ลาเต้,กาแฟ,1,65,65,QR พร้อมเพย์
2026-08-16,07:51,BB00844,อเมริกาโน่,กาแฟ,1,55,55,QR พร้อมเพย์
2026-08-16,07:51,BB00844,ชาไทย,ชา,2,55,110,QR พร้อมเพย์
2026-08-16,13:10,BB00845,นมสดคาราเมล,ไม่ใช่กาแฟ,1,60,60,เงินสด
2026-08-16,13:10,BB00845,นมสดคาราเมล,ไม่ใช่กาแฟ,1,60,60,เงินสด
2026-08-16,13:27,BB00846,มอคค่า,กาแฟ,1,70,70,เงินสด
2026-08-16,08:14,BB00847,ลาเต้,กาแฟ,1,65,65,QR พร้อมเพย์
2026-08-16,14:53,BB00848,ชาไทย,ชา,1,55,55,เงินสด
2026-08-16,11:53,BB00849,ครัวซองต์,เบเกอรี่,1,65,65,เงินสด
2026-08-16,11:53,BB00849,ครัวซองต์,เบเกอรี่,1,65,65,เงินสด
2026-08-16,11:53,BB00849,อเมริกาโน่,กาแฟ,1,55,55,เงินสด
2026-08-16,15:19,BB00850,บราวนี่,เบเกอรี่,1,55,55,QR พร้อมเพย์
2026-08-16,10:06,BB00851,มัทฉะลาเต้,ชา,1,75,75,QR พร้อมเพย์
2026-08-16,08:35,BB00852,อเมริกาโน่,กาแฟ,1,55,55,QR พร้อมเพย์
2026-08-16,08:35,BB00852,บราวนี่,เบเกอรี่,1,55,55,QR พร้อมเพย์
2026-08-16,09:16,BB00853,ชาไทย,ชา,1,55,55,เงินสด
2026-08-16,09:29,BB00854,ครัวซองต์,เบเกอรี่,1,65,65,เงินสด
2026-08-16,14:55,BB00855,อเมริกาโน่,กาแฟ,1,55,55,เงินสด
2026-08-16,14:14,BB00856,โกโก้,ไม่ใช่กาแฟ,1,60,60,เงินสด
2026-08-16,17:25,BB00857,มัทฉะลาเต้,ชา,2,75,150,เงินสด
2026-08-16,14:43,BB00858,ครัวซองต์,เบเกอรี่,1,65,65,QR พร้อมเพย์
2026-08-16,14:43,BB00858,ลาเต้,กาแฟ,1,65,65,QR พร้อมเพย์
2026-08-16,16:26,BB00859,ลาเต้,กาแฟ,2,65,130,เงินสด
2026-08-16,16:35,BB00860,ชามะนาว,ชา,2,45,90,QR พร้อมเพย์
2026-08-16,11:00,BB00861,มัทฉะลาเต้,ชา,2,75,150,เงินสด
2026-08-16,11:00,BB00861,เอสเพรสโซ่,กาแฟ,1,50,50,เงินสด
2026-08-16,09:45,BB00862,อเมริกาโน่,กาแฟ,1,55,55,QR พร้อมเพย์
2026-08-16,09:45,BB00862,อเมริกาโน่,กาแฟ,1,55,55,QR พร้อมเพย์
2026-08-16,09:45,BB00862,มอคค่า,กาแฟ,1,70,70,QR พร้อมเพย์
2026-08-16,12:14,BB00863,ชามะนาว,ชา,1,45,45,QR พร้อมเพย์
2026-08-16,15:19,BB00864,อเมริกาโน่,กาแฟ,1,55,55,QR พร้อมเพย์
2026-08-16,15:19,BB00864,มัทฉะลาเต้,ชา,2,75,150,QR พร้อมเพย์
2026-08-16,09:49,BB00865,ลาเต้,กาแฟ,1,65,65,QR พร้อมเพย์
2026-08-17,14:57,BB00866,ลาเต้,กาแฟ,2,65,130,เงินสด
2026-08-17,10:27,BB00867,ลาเต้,กาแฟ,1,65,65,บัตรเครดิต
2026-08-17,14:24,BB00868,ลาเต้,กาแฟ,1,65,65,QR พร้อมเพย์
2026-08-17,14:24,BB00868,อเมริกาโน่,กาแฟ,1,55,55,QR พร้อมเพย์
2026-08-17,16:12,BB00869,มัทฉะลาเต้,ชา,1,75,75,เงินสด
2026-08-17,12:10,BB00870,บราวนี่,เบเกอรี่,1,55,55,QR พร้อมเพย์
2026-08-17,12:10,BB00870,ชาไทย,ชา,1,55,55,QR พร้อมเพย์
2026-08-17,12:10,BB00870,อเมริกาโน่,กาแฟ,1,55,55,QR พร้อมเพย์
2026-08-17,16:19,BB00871,โกโก้,ไม่ใช่กาแฟ,1,60,60,บัตรเครดิต
2026-08-17,15:25,BB00872,อเมริกาโน่,กาแฟ,1,55,55,QR พร้อมเพย์
2026-08-17,15:25,BB00872,อเมริกาโน่,กาแฟ,1,55,55,QR พร้อมเพย์
2026-08-17,07:09,BB00873,นมสดคาราเมล,ไม่ใช่กาแฟ,1,60,60,QR พร้อมเพย์
2026-08-17,07:09,BB00873,มัทฉะลาเต้,ชา,1,75,75,QR พร้อมเพย์
2026-08-17,09:26,BB00874,คาปูชิโน่,กาแฟ,2,65,130,QR พร้อมเพย์
2026-08-17,12:06,BB00875,ลาเต้,กาแฟ,1,65,65,QR พร้อมเพย์
2026-08-17,12:06,BB00875,อเมริกาโน่,กาแฟ,1,55,55,QR พร้อมเพย์
2026-08-17,12:13,BB00876,ลาเต้,กาแฟ,1,65,65,QR พร้อมเพย์
2026-08-17,12:13,BB00876,ลาเต้,กาแฟ,1,65,65,QR พร้อมเพย์
2026-08-17,09:37,BB00877,มัทฉะลาเต้,ชา,1,75,75,QR พร้อมเพย์
2026-08-17,08:33,BB00878,อเมริกาโน่,กาแฟ,1,55,55,QR พร้อมเพย์
2026-08-17,11:46,BB00879,บราวนี่,เบเกอรี่,1,55,55,QR พร้อมเพย์
2026-08-17,12:38,BB00880,บราวนี่,เบเกอรี่,1,55,55,QR พร้อมเพย์
2026-08-17,12:38,BB00880,นมสดคาราเมล,ไม่ใช่กาแฟ,1,60,60,QR พร้อมเพย์
2026-08-17,12:38,BB00880,ลาเต้,กาแฟ,2,65,130,QR พร้อมเพย์
2026-08-17,13:51,BB00881,ลาเต้,กาแฟ,1,65,65,QR พร้อมเพย์
2026-08-17,10:44,BB00882,เอสเพรสโซ่,กาแฟ,1,50,50,QR พร้อมเพย์
2026-08-17,08:42,BB00883,มัทฉะลาเต้,ชา,1,75,75,QR พร้อมเพย์
2026-08-17,11:57,BB00884,มอคค่า,กาแฟ,1,70,70,เงินสด
2026-08-17,11:57,BB00884,คาปูชิโน่,กาแฟ,1,65,65,เงินสด
2026-08-17,11:57,BB00884,โกโก้,ไม่ใช่กาแฟ,1,60,60,เงินสด
2026-08-17,10:36,BB00885,มอคค่า,กาแฟ,1,70,70,QR พร้อมเพย์
2026-08-17,12:21,BB00886,ครัวซองต์,เบเกอรี่,1,65,65,บัตรเครดิต
2026-08-17,14:45,BB00887,คาปูชิโน่,กาแฟ,1,65,65,QR พร้อมเพย์
2026-08-17,16:29,BB00888,คาปูชิโน่,กาแฟ,1,65,65,QR พร้อมเพย์
2026-08-17,15:54,BB00889,อเมริกาโน่,กาแฟ,2,55,110,QR พร้อมเพย์
2026-08-17,12:30,BB00890,อเมริกาโน่,กาแฟ,1,55,55,QR พร้อมเพย์
2026-08-17,09:54,BB00891,ลาเต้,กาแฟ,1,65,65,QR พร้อมเพย์
2026-08-17,09:54,BB00891,ลาเต้,กาแฟ,2,65,130,QR พร้อมเพย์
2026-08-17,09:54,BB00891,บราวนี่,เบเกอรี่,1,55,55,QR พร้อมเพย์
2026-08-17,11:28,BB00892,อเมริกาโน่,กาแฟ,2,55,110,QR พร้อมเพย์
2026-08-17,09:16,BB00893,เอสเพรสโซ่,กาแฟ,1,50,50,เงินสด
2026-08-17,13:05,BB00894,ชีสเค้ก,เบเกอรี่,1,85,85,เงินสด
2026-08-17,18:56,BB00895,มัทฉะลาเต้,ชา,1,75,75,QR พร้อมเพย์
2026-08-17,18:56,BB00895,มัทฉะลาเต้,ชา,2,75,150,QR พร้อมเพย์
2026-08-17,11:09,BB00896,ชาไทย,ชา,1,55,55,QR พร้อมเพย์
2026-08-17,10:12,BB00897,นมสดคาราเมล,ไม่ใช่กาแฟ,1,60,60,เงินสด
2026-08-17,10:12,BB00897,คาปูชิโน่,กาแฟ,1,65,65,เงินสด
2026-08-17,10:12,BB00897,ลาเต้,กาแฟ,1,65,65,เงินสด
2026-08-17,13:03,BB00898,อเมริกาโน่,กาแฟ,1,55,55,บัตรเครดิต
2026-08-17,13:59,BB00899,ลาเต้,กาแฟ,1,65,65,บัตรเครดิต
2026-08-17,12:28,BB00900,คาปูชิโน่,กาแฟ,1,65,65,QR พร้อมเพย์
2026-08-17,12:28,BB00900,มัทฉะลาเต้,ชา,2,75,150,QR พร้อมเพย์
2026-08-17,09:43,BB00901,ลาเต้,กาแฟ,1,65,65,QR พร้อมเพย์
2026-08-17,09:43,BB00901,ชามะนาว,ชา,1,45,45,QR พร้อมเพย์
2026-08-17,10:46,BB00902,มัทฉะลาเต้,ชา,1,75,75,QR พร้อมเพย์
2026-08-17,10:46,BB00902,ชีสเค้ก,เบเกอรี่,1,85,85,QR พร้อมเพย์
2026-08-17,08:28,BB00903,โกโก้,ไม่ใช่กาแฟ,1,60,60,เงินสด
2026-08-17,08:28,BB00903,อเมริกาโน่,กาแฟ,1,55,55,เงินสด
2026-08-17,08:03,BB00904,ลาเต้,กาแฟ,1,65,65,QR พร้อมเพย์
2026-08-17,10:41,BB00905,อเมริกาโน่,กาแฟ,1,55,55,QR พร้อมเพย์
2026-08-17,11:14,BB00906,อเมริกาโน่,กาแฟ,1,55,55,QR พร้อมเพย์
2026-08-17,11:53,BB00907,คาปูชิโน่,กาแฟ,1,65,65,QR พร้อมเพย์
2026-08-17,10:20,BB00908,ลาเต้,กาแฟ,1,65,65,เงินสด
2026-08-17,08:34,BB00909,อเมริกาโน่,กาแฟ,1,55,55,QR พร้อมเพย์
2026-08-17,11:27,BB00910,อเมริกาโน่,กาแฟ,1,55,55,QR พร้อมเพย์
2026-08-17,16:54,BB00911,ครัวซองต์,เบเกอรี่,1,65,65,QR พร้อมเพย์
2026-08-17,09:58,BB00912,บราวนี่,เบเกอรี่,1,55,55,เงินสด
2026-08-17,11:06,BB00913,มัทฉะลาเต้,ชา,1,75,75,เงินสด
2026-08-17,11:06,BB00913,ชาไทย,ชา,2,55,110,เงินสด
2026-08-17,12:58,BB00914,มัทฉะลาเต้,ชา,1,75,75,QR พร้อมเพย์
2026-08-17,12:58,BB00914,ครัวซองต์,เบเกอรี่,1,65,65,QR พร้อมเพย์
2026-08-17,12:09,BB00915,มัทฉะลาเต้,ชา,1,75,75,QR พร้อมเพย์
2026-08-17,13:42,BB00916,ครัวซองต์,เบเกอรี่,1,65,65,เงินสด
2026-08-17,15:01,BB00917,ลาเต้,กาแฟ,1,65,65,บัตรเครดิต
2026-08-17,15:47,BB00918,มัทฉะลาเต้,ชา,1,75,75,QR พร้อมเพย์
2026-08-17,12:51,BB00919,ลาเต้,กาแฟ,1,65,65,QR พร้อมเพย์
2026-08-17,12:51,BB00919,มอคค่า,กาแฟ,1,70,70,QR พร้อมเพย์
2026-08-17,12:51,BB00919,นมสดคาราเมล,ไม่ใช่กาแฟ,1,60,60,QR พร้อมเพย์
2026-08-18,17:18,BB00920,ลาเต้,กาแฟ,1,65,65,บัตรเครดิต
2026-08-18,17:10,BB00921,ครัวซองต์,เบเกอรี่,1,65,65,QR พร้อมเพย์
2026-08-18,14:20,BB00922,อเมริกาโน่,กาแฟ,1,55,55,QR พร้อมเพย์
2026-08-18,13:37,BB00923,เอสเพรสโซ่,กาแฟ,1,50,50,QR พร้อมเพย์
2026-08-18,13:37,BB00923,ชาไทย,ชา,2,55,110,QR พร้อมเพย์
2026-08-18,08:56,BB00924,ลาเต้,กาแฟ,1,65,65,บัตรเครดิต
2026-08-18,08:56,BB00924,ครัวซองต์,เบเกอรี่,2,65,130,บัตรเครดิต
2026-08-18,08:49,BB00925,ชาไทย,ชา,2,55,110,เงินสด
2026-08-18,18:53,BB00926,ชามะนาว,ชา,1,45,45,เงินสด
2026-08-18,08:43,BB00927,ลาเต้,กาแฟ,1,65,65,QR พร้อมเพย์
2026-08-18,08:55,BB00928,ชามะนาว,ชา,1,45,45,QR พร้อมเพย์
2026-08-18,16:12,BB00929,ลาเต้,กาแฟ,1,65,65,QR พร้อมเพย์
2026-08-18,16:12,BB00929,ลาเต้,กาแฟ,1,65,65,QR พร้อมเพย์
2026-08-18,11:52,BB00930,อเมริกาโน่,กาแฟ,1,55,55,QR พร้อมเพย์
2026-08-18,09:13,BB00931,อเมริกาโน่,กาแฟ,1,55,55,เงินสด
2026-08-18,09:13,BB00931,อเมริกาโน่,กาแฟ,1,55,55,เงินสด
2026-08-18,13:55,BB00932,อเมริกาโน่,กาแฟ,1,55,55,บัตรเครดิต
2026-08-18,13:55,BB00932,ลาเต้,กาแฟ,1,65,65,บัตรเครดิต
2026-08-18,11:22,BB00933,ชามะนาว,ชา,1,45,45,QR พร้อมเพย์
2026-08-18,10:18,BB00934,อเมริกาโน่,กาแฟ,1,55,55,QR พร้อมเพย์
2026-08-18,11:12,BB00935,ชาไทย,ชา,1,55,55,QR พร้อมเพย์
2026-08-18,11:12,BB00935,บราวนี่,เบเกอรี่,2,55,110,QR พร้อมเพย์
2026-08-18,11:36,BB00936,ชาไทย,ชา,1,55,55,QR พร้อมเพย์
2026-08-18,09:44,BB00937,มอคค่า,กาแฟ,2,70,140,QR พร้อมเพย์
2026-08-18,11:24,BB00938,คาปูชิโน่,กาแฟ,1,65,65,QR พร้อมเพย์
2026-08-18,11:24,BB00938,ชาไทย,ชา,1,55,55,QR พร้อมเพย์
2026-08-18,11:24,BB00938,อเมริกาโน่,กาแฟ,1,55,55,QR พร้อมเพย์
2026-08-18,08:26,BB00939,เอสเพรสโซ่,กาแฟ,1,50,50,QR พร้อมเพย์
2026-08-18,16:57,BB00940,มัทฉะลาเต้,ชา,1,75,75,QR พร้อมเพย์
2026-08-18,09:16,BB00941,มอคค่า,กาแฟ,2,70,140,QR พร้อมเพย์
2026-08-18,09:16,BB00941,อเมริกาโน่,กาแฟ,2,55,110,QR พร้อมเพย์
2026-08-18,15:23,BB00942,มอคค่า,กาแฟ,1,70,70,QR พร้อมเพย์
2026-08-18,15:23,BB00942,ชีสเค้ก,เบเกอรี่,1,85,85,QR พร้อมเพย์
2026-08-18,13:43,BB00943,ชีสเค้ก,เบเกอรี่,1,85,85,QR พร้อมเพย์
2026-08-18,10:26,BB00944,ชามะนาว,ชา,1,45,45,QR พร้อมเพย์
2026-08-18,10:26,BB00944,มอคค่า,กาแฟ,1,70,70,QR พร้อมเพย์
2026-08-18,09:19,BB00945,เอสเพรสโซ่,กาแฟ,2,50,100,QR พร้อมเพย์
2026-08-18,10:22,BB00946,ลาเต้,กาแฟ,1,65,65,QR พร้อมเพย์
2026-08-18,10:22,BB00946,ชาไทย,ชา,2,55,110,QR พร้อมเพย์
2026-08-18,10:24,BB00947,เอสเพรสโซ่,กาแฟ,2,50,100,QR พร้อมเพย์
2026-08-18,12:13,BB00948,อเมริกาโน่,กาแฟ,1,55,55,QR พร้อมเพย์
2026-08-18,12:13,BB00948,อเมริกาโน่,กาแฟ,1,55,55,QR พร้อมเพย์
2026-08-18,11:19,BB00949,ชาไทย,ชา,1,55,55,QR พร้อมเพย์
2026-08-18,08:42,BB00950,อเมริกาโน่,กาแฟ,1,55,55,เงินสด
2026-08-18,14:23,BB00951,มัทฉะลาเต้,ชา,1,75,75,เงินสด
2026-08-18,07:31,BB00952,มอคค่า,กาแฟ,1,70,70,QR พร้อมเพย์
2026-08-18,07:31,BB00952,คาปูชิโน่,กาแฟ,2,65,130,QR พร้อมเพย์
2026-08-18,09:29,BB00953,เอสเพรสโซ่,กาแฟ,1,50,50,เงินสด
2026-08-18,09:29,BB00953,คาปูชิโน่,กาแฟ,2,65,130,เงินสด
2026-08-18,12:41,BB00954,อเมริกาโน่,กาแฟ,1,55,55,QR พร้อมเพย์
2026-08-18,12:41,BB00954,คาปูชิโน่,กาแฟ,1,65,65,QR พร้อมเพย์
2026-08-18,09:51,BB00955,ลาเต้,กาแฟ,2,65,130,เงินสด
2026-08-18,07:28,BB00956,มัทฉะลาเต้,ชา,1,75,75,QR พร้อมเพย์
2026-08-18,11:36,BB00957,โกโก้,ไม่ใช่กาแฟ,1,60,60,QR พร้อมเพย์
2026-08-18,14:36,BB00958,บราวนี่,เบเกอรี่,1,55,55,QR พร้อมเพย์
2026-08-18,14:36,BB00958,ครัวซองต์,เบเกอรี่,1,65,65,QR พร้อมเพย์
2026-08-18,14:37,BB00959,โกโก้,ไม่ใช่กาแฟ,1,60,60,QR พร้อมเพย์
2026-08-18,09:50,BB00960,ลาเต้,กาแฟ,2,65,130,QR พร้อมเพย์
2026-08-18,11:56,BB00961,อเมริกาโน่,กาแฟ,1,55,55,เงินสด
2026-08-18,13:48,BB00962,นมสดคาราเมล,ไม่ใช่กาแฟ,1,60,60,เงินสด
2026-08-18,13:48,BB00962,ครัวซองต์,เบเกอรี่,1,65,65,เงินสด
2026-08-18,11:11,BB00963,คาปูชิโน่,กาแฟ,1,65,65,QR พร้อมเพย์
2026-08-18,08:22,BB00964,อเมริกาโน่,กาแฟ,1,55,55,บัตรเครดิต
2026-08-18,09:23,BB00965,อเมริกาโน่,กาแฟ,1,55,55,QR พร้อมเพย์
2026-08-18,12:17,BB00966,ครัวซองต์,เบเกอรี่,1,65,65,QR พร้อมเพย์
2026-08-18,13:58,BB00967,บราวนี่,เบเกอรี่,2,55,110,QR พร้อมเพย์
2026-08-18,07:21,BB00968,นมสดคาราเมล,ไม่ใช่กาแฟ,1,60,60,เงินสด
2026-08-18,07:21,BB00968,คาปูชิโน่,กาแฟ,1,65,65,เงินสด
2026-08-18,13:18,BB00969,ลาเต้,กาแฟ,1,65,65,เงินสด
2026-08-18,13:18,BB00969,อเมริกาโน่,กาแฟ,1,55,55,เงินสด
2026-08-18,08:11,BB00970,บราวนี่,เบเกอรี่,1,55,55,QR พร้อมเพย์
2026-08-18,10:33,BB00971,คาปูชิโน่,กาแฟ,2,65,130,QR พร้อมเพย์
2026-08-18,10:33,BB00971,นมสดคาราเมล,ไม่ใช่กาแฟ,1,60,60,QR พร้อมเพย์
2026-08-18,11:21,BB00972,ลาเต้,กาแฟ,1,65,65,บัตรเครดิต
2026-08-18,09:15,BB00973,ชามะนาว,ชา,1,45,45,QR พร้อมเพย์
2026-08-18,12:53,BB00974,คาปูชิโน่,กาแฟ,1,65,65,QR พร้อมเพย์
2026-08-18,12:53,BB00974,มัทฉะลาเต้,ชา,1,75,75,QR พร้อมเพย์
2026-08-19,18:12,BB00975,อเมริกาโน่,กาแฟ,1,55,55,เงินสด
2026-08-19,11:32,BB00976,นมสดคาราเมล,ไม่ใช่กาแฟ,1,60,60,QR พร้อมเพย์
2026-08-19,13:55,BB00977,ชาไทย,ชา,1,55,55,QR พร้อมเพย์
2026-08-19,08:30,BB00978,ชีสเค้ก,เบเกอรี่,1,85,85,QR พร้อมเพย์
2026-08-19,17:57,BB00979,ชาไทย,ชา,2,55,110,QR พร้อมเพย์
2026-08-19,13:29,BB00980,มัทฉะลาเต้,ชา,1,75,75,QR พร้อมเพย์
2026-08-19,13:29,BB00980,ชีสเค้ก,เบเกอรี่,1,85,85,QR พร้อมเพย์
2026-08-19,14:46,BB00981,อเมริกาโน่,กาแฟ,1,55,55,QR พร้อมเพย์
2026-08-19,12:19,BB00982,นมสดคาราเมล,ไม่ใช่กาแฟ,1,60,60,บัตรเครดิต
2026-08-19,15:19,BB00983,ลาเต้,กาแฟ,1,65,65,QR พร้อมเพย์
2026-08-19,15:19,BB00983,ลาเต้,กาแฟ,1,65,65,QR พร้อมเพย์
2026-08-19,12:12,BB00984,ชีสเค้ก,เบเกอรี่,1,85,85,บัตรเครดิต
2026-08-19,12:12,BB00984,ชามะนาว,ชา,1,45,45,บัตรเครดิต
2026-08-19,12:12,BB00984,มัทฉะลาเต้,ชา,1,75,75,บัตรเครดิต
2026-08-19,17:28,BB00985,ลาเต้,กาแฟ,2,65,130,บัตรเครดิต
2026-08-19,17:28,BB00985,มอคค่า,กาแฟ,1,70,70,บัตรเครดิต
2026-08-19,12:17,BB00986,โกโก้,ไม่ใช่กาแฟ,1,60,60,เงินสด
2026-08-19,12:17,BB00986,อเมริกาโน่,กาแฟ,2,55,110,เงินสด
2026-08-19,12:17,BB00986,มัทฉะลาเต้,ชา,1,75,75,เงินสด
2026-08-19,08:26,BB00987,มอคค่า,กาแฟ,1,70,70,QR พร้อมเพย์
2026-08-19,08:26,BB00987,ชาไทย,ชา,2,55,110,QR พร้อมเพย์
2026-08-19,11:37,BB00988,อเมริกาโน่,กาแฟ,1,55,55,QR พร้อมเพย์
2026-08-19,11:37,BB00988,ชาไทย,ชา,1,55,55,QR พร้อมเพย์
2026-08-19,08:32,BB00989,ชาไทย,ชา,2,55,110,QR พร้อมเพย์
2026-08-19,08:32,BB00989,ลาเต้,กาแฟ,1,65,65,QR พร้อมเพย์
2026-08-19,08:59,BB00990,ครัวซองต์,เบเกอรี่,1,65,65,QR พร้อมเพย์
2026-08-19,12:33,BB00991,คาปูชิโน่,กาแฟ,1,65,65,เงินสด
2026-08-19,08:26,BB00992,ชาไทย,ชา,2,55,110,เงินสด
2026-08-19,13:56,BB00993,ลาเต้,กาแฟ,1,65,65,QR พร้อมเพย์
2026-08-19,13:56,BB00993,ลาเต้,กาแฟ,1,65,65,QR พร้อมเพย์
2026-08-19,12:49,BB00994,ชาไทย,ชา,1,55,55,QR พร้อมเพย์
2026-08-19,10:57,BB00995,อเมริกาโน่,กาแฟ,1,55,55,เงินสด
2026-08-19,14:41,BB00996,ชาไทย,ชา,1,55,55,QR พร้อมเพย์
2026-08-19,14:41,BB00996,ชามะนาว,ชา,1,45,45,QR พร้อมเพย์
2026-08-19,14:41,BB00996,ลาเต้,กาแฟ,1,65,65,QR พร้อมเพย์
2026-08-19,12:26,BB00997,มอคค่า,กาแฟ,1,70,70,QR พร้อมเพย์
2026-08-19,11:35,BB00998,อเมริกาโน่,กาแฟ,1,55,55,QR พร้อมเพย์
2026-08-19,09:38,BB00999,โกโก้,ไม่ใช่กาแฟ,1,60,60,เงินสด
2026-08-19,11:37,BB01000,ชาไทย,ชา,1,55,55,เงินสด
2026-08-19,08:45,BB01001,คาปูชิโน่,กาแฟ,1,65,65,เงินสด
2026-08-19,16:53,BB01002,ครัวซองต์,เบเกอรี่,2,65,130,QR พร้อมเพย์
2026-08-19,16:28,BB01003,นมสดคาราเมล,ไม่ใช่กาแฟ,2,60,120,QR พร้อมเพย์
2026-08-19,15:07,BB01004,ชามะนาว,ชา,1,45,45,QR พร้อมเพย์
2026-08-19,15:07,BB01004,บราวนี่,เบเกอรี่,2,55,110,QR พร้อมเพย์
2026-08-19,11:13,BB01005,มัทฉะลาเต้,ชา,1,75,75,เงินสด
2026-08-19,11:13,BB01005,ครัวซองต์,เบเกอรี่,2,65,130,เงินสด
2026-08-19,13:06,BB01006,มอคค่า,กาแฟ,1,70,70,QR พร้อมเพย์
2026-08-19,14:07,BB01007,ลาเต้,กาแฟ,2,65,130,QR พร้อมเพย์
2026-08-19,08:39,BB01008,โกโก้,ไม่ใช่กาแฟ,1,60,60,QR พร้อมเพย์
2026-08-19,17:04,BB01009,อเมริกาโน่,กาแฟ,1,55,55,QR พร้อมเพย์
2026-08-19,17:04,BB01009,มัทฉะลาเต้,ชา,1,75,75,QR พร้อมเพย์
2026-08-19,10:02,BB01010,ลาเต้,กาแฟ,2,65,130,QR พร้อมเพย์
2026-08-19,12:09,BB01011,ลาเต้,กาแฟ,1,65,65,บัตรเครดิต
2026-08-19,09:50,BB01012,ชามะนาว,ชา,1,45,45,QR พร้อมเพย์
2026-08-19,12:37,BB01013,ลาเต้,กาแฟ,1,65,65,เงินสด
2026-08-19,10:48,BB01014,ชีสเค้ก,เบเกอรี่,1,85,85,QR พร้อมเพย์
2026-08-19,10:48,BB01014,คาปูชิโน่,กาแฟ,1,65,65,QR พร้อมเพย์
2026-08-19,15:41,BB01015,ชาไทย,ชา,1,55,55,เงินสด
2026-08-19,15:41,BB01015,มอคค่า,กาแฟ,1,70,70,เงินสด
2026-08-19,15:41,BB01015,อเมริกาโน่,กาแฟ,2,55,110,เงินสด
2026-08-19,10:44,BB01016,มัทฉะลาเต้,ชา,1,75,75,QR พร้อมเพย์
2026-08-19,13:43,BB01017,ชามะนาว,ชา,1,45,45,QR พร้อมเพย์
2026-08-19,09:16,BB01018,ลาเต้,กาแฟ,1,65,65,เงินสด
2026-08-19,12:18,BB01019,ชามะนาว,ชา,1,45,45,QR พร้อมเพย์
2026-08-19,12:18,BB01019,อเมริกาโน่,กาแฟ,1,55,55,QR พร้อมเพย์
2026-08-19,12:42,BB01020,อเมริกาโน่,กาแฟ,1,55,55,เงินสด
2026-08-19,12:52,BB01021,ลาเต้,กาแฟ,1,65,65,QR พร้อมเพย์
2026-08-19,12:52,BB01021,ชาไทย,ชา,2,55,110,QR พร้อมเพย์
2026-08-19,11:54,BB01022,ครัวซองต์,เบเกอรี่,1,65,65,บัตรเครดิต
2026-08-19,13:22,BB01023,ชามะนาว,ชา,1,45,45,QR พร้อมเพย์
2026-08-19,17:54,BB01024,ชามะนาว,ชา,1,45,45,บัตรเครดิต
2026-08-19,17:54,BB01024,ลาเต้,กาแฟ,1,65,65,บัตรเครดิต
2026-08-19,18:02,BB01025,ชาไทย,ชา,1,55,55,เงินสด
2026-08-19,10:17,BB01026,มัทฉะลาเต้,ชา,1,75,75,เงินสด
2026-08-19,12:11,BB01027,ชาไทย,ชา,1,55,55,QR พร้อมเพย์
2026-08-19,12:11,BB01027,คาปูชิโน่,กาแฟ,1,65,65,QR พร้อมเพย์
2026-08-19,08:46,BB01028,อเมริกาโน่,กาแฟ,1,55,55,QR พร้อมเพย์
2026-08-20,07:20,BB01029,อเมริกาโน่,กาแฟ,1,55,55,QR พร้อมเพย์
2026-08-20,09:52,BB01030,อเมริกาโน่,กาแฟ,1,55,55,QR พร้อมเพย์
2026-08-20,09:52,BB01030,นมสดคาราเมล,ไม่ใช่กาแฟ,1,60,60,QR พร้อมเพย์
2026-08-20,08:42,BB01031,เอสเพรสโซ่,กาแฟ,1,50,50,เงินสด
2026-08-20,09:19,BB01032,ชาไทย,ชา,1,55,55,QR พร้อมเพย์
2026-08-20,15:05,BB01033,เอสเพรสโซ่,กาแฟ,1,50,50,QR พร้อมเพย์
2026-08-20,15:05,BB01033,อเมริกาโน่,กาแฟ,1,55,55,QR พร้อมเพย์
2026-08-20,12:40,BB01034,ลาเต้,กาแฟ,1,65,65,QR พร้อมเพย์
2026-08-20,16:20,BB01035,อเมริกาโน่,กาแฟ,1,55,55,QR พร้อมเพย์
2026-08-20,17:26,BB01036,คาปูชิโน่,กาแฟ,1,65,65,QR พร้อมเพย์
2026-08-20,17:26,BB01036,โกโก้,ไม่ใช่กาแฟ,1,60,60,QR พร้อมเพย์
2026-08-20,10:21,BB01037,เอสเพรสโซ่,กาแฟ,1,50,50,QR พร้อมเพย์
2026-08-20,10:21,BB01037,อเมริกาโน่,กาแฟ,1,55,55,QR พร้อมเพย์
2026-08-20,10:21,BB01037,ชามะนาว,ชา,1,45,45,QR พร้อมเพย์
2026-08-20,10:03,BB01038,มอคค่า,กาแฟ,2,70,140,QR พร้อมเพย์
2026-08-20,10:03,BB01038,โกโก้,ไม่ใช่กาแฟ,1,60,60,QR พร้อมเพย์
2026-08-20,10:17,BB01039,ครัวซองต์,เบเกอรี่,1,65,65,เงินสด
2026-08-20,13:42,BB01040,นมสดคาราเมล,ไม่ใช่กาแฟ,1,60,60,บัตรเครดิต
2026-08-20,12:34,BB01041,ชาไทย,ชา,1,55,55,เงินสด
2026-08-20,12:34,BB01041,ลาเต้,กาแฟ,1,65,65,เงินสด
2026-08-20,12:34,BB01041,ชีสเค้ก,เบเกอรี่,1,85,85,เงินสด
2026-08-20,13:53,BB01042,อเมริกาโน่,กาแฟ,1,55,55,QR พร้อมเพย์
2026-08-20,13:53,BB01042,ลาเต้,กาแฟ,1,65,65,QR พร้อมเพย์
2026-08-20,13:53,BB01042,อเมริกาโน่,กาแฟ,1,55,55,QR พร้อมเพย์
2026-08-20,14:10,BB01043,โกโก้,ไม่ใช่กาแฟ,1,60,60,QR พร้อมเพย์
2026-08-20,14:10,BB01043,ชีสเค้ก,เบเกอรี่,2,85,170,QR พร้อมเพย์
2026-08-20,07:53,BB01044,ลาเต้,กาแฟ,1,65,65,QR พร้อมเพย์
2026-08-20,07:53,BB01044,ชาไทย,ชา,1,55,55,QR พร้อมเพย์
2026-08-20,10:56,BB01045,อเมริกาโน่,กาแฟ,1,55,55,เงินสด
2026-08-20,10:56,BB01045,มัทฉะลาเต้,ชา,1,75,75,เงินสด
2026-08-20,13:45,BB01046,ชาไทย,ชา,2,55,110,QR พร้อมเพย์
2026-08-20,13:45,BB01046,อเมริกาโน่,กาแฟ,1,55,55,QR พร้อมเพย์
2026-08-20,14:52,BB01047,อเมริกาโน่,กาแฟ,1,55,55,QR พร้อมเพย์
2026-08-20,16:30,BB01048,คาปูชิโน่,กาแฟ,1,65,65,เงินสด
2026-08-20,11:05,BB01049,ครัวซองต์,เบเกอรี่,2,65,130,QR พร้อมเพย์
2026-08-20,12:33,BB01050,ชีสเค้ก,เบเกอรี่,2,85,170,QR พร้อมเพย์
2026-08-20,14:52,BB01051,ชาไทย,ชา,1,55,55,QR พร้อมเพย์
2026-08-20,12:58,BB01052,ชีสเค้ก,เบเกอรี่,1,85,85,บัตรเครดิต
2026-08-20,12:58,BB01052,ลาเต้,กาแฟ,1,65,65,บัตรเครดิต
2026-08-20,09:03,BB01053,บราวนี่,เบเกอรี่,1,55,55,เงินสด
2026-08-20,10:46,BB01054,ชามะนาว,ชา,1,45,45,เงินสด
2026-08-20,10:46,BB01054,เอสเพรสโซ่,กาแฟ,1,50,50,เงินสด
2026-08-20,09:02,BB01055,คาปูชิโน่,กาแฟ,1,65,65,เงินสด
2026-08-20,09:02,BB01055,ชาไทย,ชา,1,55,55,เงินสด
2026-08-20,09:02,BB01055,โกโก้,ไม่ใช่กาแฟ,2,60,120,เงินสด
2026-08-20,16:14,BB01056,ชีสเค้ก,เบเกอรี่,1,85,85,เงินสด
2026-08-20,16:14,BB01056,อเมริกาโน่,กาแฟ,1,55,55,เงินสด
2026-08-20,10:38,BB01057,ครัวซองต์,เบเกอรี่,1,65,65,QR พร้อมเพย์
2026-08-20,10:38,BB01057,โกโก้,ไม่ใช่กาแฟ,2,60,120,QR พร้อมเพย์
2026-08-20,10:38,BB01057,อเมริกาโน่,กาแฟ,1,55,55,QR พร้อมเพย์
2026-08-20,07:54,BB01058,ชาไทย,ชา,1,55,55,QR พร้อมเพย์
2026-08-20,18:59,BB01059,ลาเต้,กาแฟ,1,65,65,QR พร้อมเพย์
2026-08-20,09:21,BB01060,บราวนี่,เบเกอรี่,1,55,55,เงินสด
2026-08-20,12:23,BB01061,ชามะนาว,ชา,1,45,45,เงินสด
2026-08-20,12:58,BB01062,มอคค่า,กาแฟ,2,70,140,QR พร้อมเพย์
2026-08-20,09:23,BB01063,ชาไทย,ชา,1,55,55,เงินสด
2026-08-20,11:38,BB01064,ชามะนาว,ชา,1,45,45,บัตรเครดิต
2026-08-20,08:04,BB01065,ครัวซองต์,เบเกอรี่,1,65,65,QR พร้อมเพย์
2026-08-20,08:04,BB01065,ลาเต้,กาแฟ,1,65,65,QR พร้อมเพย์
2026-08-20,14:51,BB01066,ชีสเค้ก,เบเกอรี่,1,85,85,เงินสด
2026-08-20,13:53,BB01067,ชาไทย,ชา,2,55,110,เงินสด
2026-08-20,13:53,BB01067,อเมริกาโน่,กาแฟ,2,55,110,เงินสด
2026-08-20,12:54,BB01068,บราวนี่,เบเกอรี่,1,55,55,QR พร้อมเพย์
2026-08-21,10:54,BB01069,อเมริกาโน่,กาแฟ,1,55,55,QR พร้อมเพย์
2026-08-21,14:08,BB01070,มัทฉะลาเต้,ชา,1,75,75,เงินสด
2026-08-21,14:45,BB01071,มัทฉะลาเต้,ชา,1,75,75,เงินสด
2026-08-21,14:45,BB01071,อเมริกาโน่,กาแฟ,1,55,55,เงินสด
2026-08-21,09:37,BB01072,บราวนี่,เบเกอรี่,1,55,55,เงินสด
2026-08-21,09:14,BB01073,ชีสเค้ก,เบเกอรี่,1,85,85,เงินสด
2026-08-21,10:30,BB01074,เอสเพรสโซ่,กาแฟ,1,50,50,บัตรเครดิต
2026-08-21,10:30,BB01074,คาปูชิโน่,กาแฟ,1,65,65,บัตรเครดิต
2026-08-21,12:43,BB01075,บราวนี่,เบเกอรี่,1,55,55,QR พร้อมเพย์
2026-08-21,14:42,BB01076,อเมริกาโน่,กาแฟ,1,55,55,QR พร้อมเพย์
2026-08-21,14:42,BB01076,มอคค่า,กาแฟ,2,70,140,QR พร้อมเพย์
2026-08-21,10:08,BB01077,ลาเต้,กาแฟ,1,65,65,QR พร้อมเพย์
2026-08-21,12:57,BB01078,อเมริกาโน่,กาแฟ,1,55,55,QR พร้อมเพย์
2026-08-21,12:57,BB01078,มัทฉะลาเต้,ชา,2,75,150,QR พร้อมเพย์
2026-08-21,09:28,BB01079,มอคค่า,กาแฟ,2,70,140,QR พร้อมเพย์
2026-08-21,09:28,BB01079,มอคค่า,กาแฟ,1,70,70,QR พร้อมเพย์
2026-08-21,09:28,BB01079,ครัวซองต์,เบเกอรี่,1,65,65,QR พร้อมเพย์
2026-08-21,10:21,BB01080,ชาไทย,ชา,1,55,55,เงินสด
2026-08-21,13:59,BB01081,มอคค่า,กาแฟ,1,70,70,QR พร้อมเพย์
2026-08-21,12:12,BB01082,มัทฉะลาเต้,ชา,1,75,75,เงินสด
2026-08-21,15:26,BB01083,มัทฉะลาเต้,ชา,1,75,75,QR พร้อมเพย์
2026-08-21,17:12,BB01084,ลาเต้,กาแฟ,1,65,65,QR พร้อมเพย์
2026-08-21,16:32,BB01085,อเมริกาโน่,กาแฟ,1,55,55,เงินสด
2026-08-21,16:32,BB01085,บราวนี่,เบเกอรี่,1,55,55,เงินสด
2026-08-21,17:33,BB01086,คาปูชิโน่,กาแฟ,2,65,130,QR พร้อมเพย์
2026-08-21,17:33,BB01086,อเมริกาโน่,กาแฟ,1,55,55,QR พร้อมเพย์
2026-08-21,13:28,BB01087,ครัวซองต์,เบเกอรี่,1,65,65,เงินสด
2026-08-21,13:20,BB01088,ครัวซองต์,เบเกอรี่,1,65,65,QR พร้อมเพย์
2026-08-21,13:20,BB01088,ลาเต้,กาแฟ,2,65,130,QR พร้อมเพย์
2026-08-21,07:49,BB01089,นมสดคาราเมล,ไม่ใช่กาแฟ,1,60,60,บัตรเครดิต
2026-08-21,07:49,BB01089,มอคค่า,กาแฟ,1,70,70,บัตรเครดิต
2026-08-21,07:49,BB01089,โกโก้,ไม่ใช่กาแฟ,2,60,120,บัตรเครดิต
2026-08-21,15:50,BB01090,มอคค่า,กาแฟ,2,70,140,QR พร้อมเพย์
2026-08-21,12:40,BB01091,ครัวซองต์,เบเกอรี่,1,65,65,QR พร้อมเพย์
2026-08-21,10:00,BB01092,ชามะนาว,ชา,2,45,90,QR พร้อมเพย์
2026-08-21,12:10,BB01093,บราวนี่,เบเกอรี่,2,55,110,บัตรเครดิต
2026-08-21,12:10,BB01093,อเมริกาโน่,กาแฟ,1,55,55,บัตรเครดิต
2026-08-21,09:20,BB01094,ครัวซองต์,เบเกอรี่,1,65,65,บัตรเครดิต
2026-08-21,13:32,BB01095,ชามะนาว,ชา,1,45,45,บัตรเครดิต
2026-08-21,14:21,BB01096,เอสเพรสโซ่,กาแฟ,2,50,100,บัตรเครดิต
2026-08-21,09:02,BB01097,ชาไทย,ชา,1,55,55,QR พร้อมเพย์
2026-08-21,09:02,BB01097,ชาไทย,ชา,1,55,55,QR พร้อมเพย์
2026-08-21,08:19,BB01098,ครัวซองต์,เบเกอรี่,1,65,65,QR พร้อมเพย์
2026-08-21,13:02,BB01099,ครัวซองต์,เบเกอรี่,1,65,65,เงินสด
2026-08-21,13:02,BB01099,ลาเต้,กาแฟ,1,65,65,เงินสด
2026-08-21,10:17,BB01100,คาปูชิโน่,กาแฟ,1,65,65,QR พร้อมเพย์
2026-08-21,10:17,BB01100,ชีสเค้ก,เบเกอรี่,1,85,85,QR พร้อมเพย์
2026-08-21,17:29,BB01101,ชาไทย,ชา,1,55,55,เงินสด
2026-08-21,16:36,BB01102,นมสดคาราเมล,ไม่ใช่กาแฟ,1,60,60,QR พร้อมเพย์
2026-08-21,13:46,BB01103,อเมริกาโน่,กาแฟ,1,55,55,บัตรเครดิต
2026-08-21,13:46,BB01103,ลาเต้,กาแฟ,1,65,65,บัตรเครดิต
2026-08-21,08:01,BB01104,ชาไทย,ชา,1,55,55,เงินสด
2026-08-21,15:30,BB01105,ลาเต้,กาแฟ,1,65,65,เงินสด
2026-08-21,10:23,BB01106,ชาไทย,ชา,1,55,55,QR พร้อมเพย์
2026-08-21,12:42,BB01107,บราวนี่,เบเกอรี่,1,55,55,เงินสด
2026-08-21,09:52,BB01108,บราวนี่,เบเกอรี่,1,55,55,QR พร้อมเพย์
2026-08-21,18:00,BB01109,ชามะนาว,ชา,1,45,45,QR พร้อมเพย์
2026-08-21,18:00,BB01109,มัทฉะลาเต้,ชา,1,75,75,QR พร้อมเพย์
2026-08-21,08:01,BB01110,ครัวซองต์,เบเกอรี่,1,65,65,เงินสด
2026-08-21,16:07,BB01111,ลาเต้,กาแฟ,2,65,130,เงินสด
2026-08-22,09:12,BB01112,ชามะนาว,ชา,1,45,45,เงินสด
2026-08-22,10:06,BB01113,อเมริกาโน่,กาแฟ,2,55,110,QR พร้อมเพย์
2026-08-22,08:42,BB01114,ครัวซองต์,เบเกอรี่,1,65,65,QR พร้อมเพย์
2026-08-22,09:34,BB01115,ลาเต้,กาแฟ,1,65,65,บัตรเครดิต
2026-08-22,11:44,BB01116,อเมริกาโน่,กาแฟ,1,55,55,QR พร้อมเพย์
2026-08-22,11:44,BB01116,มัทฉะลาเต้,ชา,1,75,75,QR พร้อมเพย์
2026-08-22,07:06,BB01117,โกโก้,ไม่ใช่กาแฟ,1,60,60,QR พร้อมเพย์
2026-08-22,07:06,BB01117,คาปูชิโน่,กาแฟ,2,65,130,QR พร้อมเพย์
2026-08-22,07:06,BB01117,มอคค่า,กาแฟ,2,70,140,QR พร้อมเพย์
2026-08-22,10:46,BB01118,ชาไทย,ชา,2,55,110,QR พร้อมเพย์
2026-08-22,18:49,BB01119,นมสดคาราเมล,ไม่ใช่กาแฟ,2,60,120,QR พร้อมเพย์
2026-08-22,18:49,BB01119,อเมริกาโน่,กาแฟ,1,55,55,QR พร้อมเพย์
2026-08-22,18:49,BB01119,ลาเต้,กาแฟ,1,65,65,QR พร้อมเพย์
2026-08-22,10:58,BB01120,ลาเต้,กาแฟ,1,65,65,เงินสด
2026-08-22,10:58,BB01120,ชาไทย,ชา,1,55,55,เงินสด
2026-08-22,13:46,BB01121,มอคค่า,กาแฟ,1,70,70,QR พร้อมเพย์
2026-08-22,13:46,BB01121,ชามะนาว,ชา,2,45,90,QR พร้อมเพย์
2026-08-22,13:46,BB01121,ชามะนาว,ชา,1,45,45,QR พร้อมเพย์
2026-08-22,11:32,BB01122,ชาไทย,ชา,1,55,55,เงินสด
2026-08-22,08:30,BB01123,มอคค่า,กาแฟ,2,70,140,เงินสด
2026-08-22,08:30,BB01123,ชาไทย,ชา,1,55,55,เงินสด
2026-08-22,10:39,BB01124,ชาไทย,ชา,2,55,110,เงินสด
2026-08-22,09:22,BB01125,มอคค่า,กาแฟ,1,70,70,QR พร้อมเพย์
2026-08-22,15:09,BB01126,คาปูชิโน่,กาแฟ,1,65,65,เงินสด
2026-08-22,10:36,BB01127,ชีสเค้ก,เบเกอรี่,1,85,85,QR พร้อมเพย์
2026-08-22,12:53,BB01128,โกโก้,ไม่ใช่กาแฟ,1,60,60,เงินสด
2026-08-22,12:53,BB01128,ชีสเค้ก,เบเกอรี่,1,85,85,เงินสด
2026-08-22,16:19,BB01129,ลาเต้,กาแฟ,2,65,130,QR พร้อมเพย์
2026-08-22,16:19,BB01129,คาปูชิโน่,กาแฟ,1,65,65,QR พร้อมเพย์
2026-08-22,16:14,BB01130,โกโก้,ไม่ใช่กาแฟ,1,60,60,QR พร้อมเพย์
2026-08-22,17:30,BB01131,มอคค่า,กาแฟ,1,70,70,QR พร้อมเพย์
2026-08-22,14:50,BB01132,อเมริกาโน่,กาแฟ,1,55,55,เงินสด
2026-08-22,14:50,BB01132,ลาเต้,กาแฟ,1,65,65,เงินสด
2026-08-22,16:23,BB01133,ชาไทย,ชา,1,55,55,เงินสด
2026-08-22,08:55,BB01134,มัทฉะลาเต้,ชา,1,75,75,เงินสด
2026-08-22,09:00,BB01135,บราวนี่,เบเกอรี่,1,55,55,เงินสด
2026-08-22,12:39,BB01136,ลาเต้,กาแฟ,2,65,130,เงินสด
2026-08-22,09:40,BB01137,อเมริกาโน่,กาแฟ,1,55,55,เงินสด
2026-08-22,12:29,BB01138,ลาเต้,กาแฟ,1,65,65,เงินสด
2026-08-22,10:18,BB01139,บราวนี่,เบเกอรี่,2,55,110,QR พร้อมเพย์
2026-08-22,10:18,BB01139,อเมริกาโน่,กาแฟ,1,55,55,QR พร้อมเพย์
2026-08-22,10:18,BB01139,เอสเพรสโซ่,กาแฟ,1,50,50,QR พร้อมเพย์
2026-08-22,14:57,BB01140,ชีสเค้ก,เบเกอรี่,1,85,85,เงินสด
2026-08-22,16:10,BB01141,ชาไทย,ชา,1,55,55,เงินสด
2026-08-22,09:17,BB01142,โกโก้,ไม่ใช่กาแฟ,1,60,60,บัตรเครดิต
2026-08-22,08:05,BB01143,ลาเต้,กาแฟ,2,65,130,QR พร้อมเพย์
2026-08-22,08:05,BB01143,ลาเต้,กาแฟ,1,65,65,QR พร้อมเพย์
2026-08-22,08:05,BB01143,อเมริกาโน่,กาแฟ,1,55,55,QR พร้อมเพย์
2026-08-22,10:33,BB01144,อเมริกาโน่,กาแฟ,1,55,55,QR พร้อมเพย์
2026-08-22,10:33,BB01144,ชาไทย,ชา,1,55,55,QR พร้อมเพย์
2026-08-22,12:28,BB01145,คาปูชิโน่,กาแฟ,1,65,65,QR พร้อมเพย์
2026-08-22,10:21,BB01146,มัทฉะลาเต้,ชา,2,75,150,เงินสด
2026-08-22,17:55,BB01147,นมสดคาราเมล,ไม่ใช่กาแฟ,2,60,120,QR พร้อมเพย์
2026-08-22,17:55,BB01147,ชีสเค้ก,เบเกอรี่,1,85,85,QR พร้อมเพย์
2026-08-22,11:13,BB01148,มัทฉะลาเต้,ชา,1,75,75,เงินสด
2026-08-22,15:00,BB01149,ลาเต้,กาแฟ,1,65,65,บัตรเครดิต
2026-08-22,09:58,BB01150,บราวนี่,เบเกอรี่,1,55,55,เงินสด
2026-08-22,09:58,BB01150,มัทฉะลาเต้,ชา,1,75,75,เงินสด
2026-08-22,12:39,BB01151,อเมริกาโน่,กาแฟ,1,55,55,QR พร้อมเพย์
2026-08-22,09:03,BB01152,ลาเต้,กาแฟ,1,65,65,เงินสด
2026-08-22,12:22,BB01153,บราวนี่,เบเกอรี่,1,55,55,QR พร้อมเพย์
2026-08-22,11:03,BB01154,ชาไทย,ชา,2,55,110,QR พร้อมเพย์
2026-08-22,13:11,BB01155,ชาไทย,ชา,1,55,55,เงินสด
2026-08-22,13:11,BB01155,อเมริกาโน่,กาแฟ,2,55,110,เงินสด
2026-08-22,09:34,BB01156,เอสเพรสโซ่,กาแฟ,1,50,50,QR พร้อมเพย์
2026-08-22,09:34,BB01156,ลาเต้,กาแฟ,1,65,65,QR พร้อมเพย์
2026-08-22,12:34,BB01157,นมสดคาราเมล,ไม่ใช่กาแฟ,1,60,60,QR พร้อมเพย์
2026-08-22,10:08,BB01158,บราวนี่,เบเกอรี่,1,55,55,QR พร้อมเพย์
2026-08-22,10:08,BB01158,อเมริกาโน่,กาแฟ,1,55,55,QR พร้อมเพย์
2026-08-22,10:08,BB01158,อเมริกาโน่,กาแฟ,2,55,110,QR พร้อมเพย์
2026-08-22,13:21,BB01159,ลาเต้,กาแฟ,1,65,65,QR พร้อมเพย์
2026-08-22,09:05,BB01160,อเมริกาโน่,กาแฟ,1,55,55,QR พร้อมเพย์
2026-08-22,09:02,BB01161,ชาไทย,ชา,1,55,55,QR พร้อมเพย์
2026-08-22,09:02,BB01161,ชามะนาว,ชา,1,45,45,QR พร้อมเพย์
2026-08-22,07:22,BB01162,บราวนี่,เบเกอรี่,1,55,55,เงินสด
2026-08-22,07:22,BB01163,อเมริกาโน่,กาแฟ,1,55,55,บัตรเครดิต
2026-08-22,10:15,BB01164,อเมริกาโน่,กาแฟ,1,55,55,QR พร้อมเพย์
2026-08-22,12:41,BB01165,มอคค่า,กาแฟ,1,70,70,QR พร้อมเพย์
2026-08-22,07:09,BB01166,บราวนี่,เบเกอรี่,1,55,55,เงินสด
2026-08-22,08:45,BB01167,บราวนี่,เบเกอรี่,2,55,110,QR พร้อมเพย์
2026-08-22,08:45,BB01167,ชีสเค้ก,เบเกอรี่,1,85,85,QR พร้อมเพย์
2026-08-22,08:45,BB01167,ชีสเค้ก,เบเกอรี่,1,85,85,QR พร้อมเพย์
2026-08-22,13:11,BB01168,อเมริกาโน่,กาแฟ,1,55,55,QR พร้อมเพย์
2026-08-22,13:11,BB01168,ชาไทย,ชา,2,55,110,QR พร้อมเพย์
2026-08-22,13:56,BB01169,คาปูชิโน่,กาแฟ,1,65,65,บัตรเครดิต
2026-08-22,13:56,BB01169,บราวนี่,เบเกอรี่,2,55,110,บัตรเครดิต
2026-08-22,14:57,BB01170,บราวนี่,เบเกอรี่,1,55,55,QR พร้อมเพย์
2026-08-22,14:57,BB01170,อเมริกาโน่,กาแฟ,2,55,110,QR พร้อมเพย์
2026-08-22,12:59,BB01171,คาปูชิโน่,กาแฟ,2,65,130,QR พร้อมเพย์
2026-08-22,12:59,BB01171,นมสดคาราเมล,ไม่ใช่กาแฟ,2,60,120,QR พร้อมเพย์
2026-08-22,12:59,BB01171,โกโก้,ไม่ใช่กาแฟ,1,60,60,QR พร้อมเพย์
2026-08-22,12:16,BB01172,เอสเพรสโซ่,กาแฟ,1,50,50,QR พร้อมเพย์
2026-08-22,12:16,BB01172,มอคค่า,กาแฟ,1,70,70,QR พร้อมเพย์
2026-08-22,09:10,BB01173,คาปูชิโน่,กาแฟ,1,65,65,เงินสด
2026-08-22,11:03,BB01174,ลาเต้,กาแฟ,1,65,65,เงินสด
2026-08-22,11:03,BB01174,ชาไทย,ชา,2,55,110,เงินสด
2026-08-22,14:03,BB01175,มอคค่า,กาแฟ,2,70,140,บัตรเครดิต
2026-08-22,14:03,BB01175,ลาเต้,กาแฟ,1,65,65,บัตรเครดิต
2026-08-22,14:03,BB01175,อเมริกาโน่,กาแฟ,1,55,55,บัตรเครดิต
2026-08-22,13:18,BB01176,ชาไทย,ชา,1,55,55,QR พร้อมเพย์
2026-08-22,11:24,BB01177,ชามะนาว,ชา,1,45,45,บัตรเครดิต
2026-08-22,11:24,BB01177,ลาเต้,กาแฟ,1,65,65,บัตรเครดิต
2026-08-22,08:23,BB01178,ลาเต้,กาแฟ,2,65,130,เงินสด
2026-08-22,08:23,BB01178,มัทฉะลาเต้,ชา,1,75,75,เงินสด
2026-08-22,14:17,BB01179,ครัวซองต์,เบเกอรี่,2,65,130,เงินสด
2026-08-22,14:17,BB01179,ลาเต้,กาแฟ,1,65,65,เงินสด
2026-08-23,10:04,BB01180,ลาเต้,กาแฟ,1,65,65,QR พร้อมเพย์
2026-08-23,12:28,BB01181,ชามะนาว,ชา,1,45,45,เงินสด
2026-08-23,11:16,BB01182,อเมริกาโน่,กาแฟ,1,55,55,QR พร้อมเพย์
2026-08-23,11:16,BB01182,มัทฉะลาเต้,ชา,1,75,75,QR พร้อมเพย์
2026-08-23,10:38,BB01183,คาปูชิโน่,กาแฟ,1,65,65,QR พร้อมเพย์
2026-08-23,11:29,BB01184,ลาเต้,กาแฟ,2,65,130,QR พร้อมเพย์
2026-08-23,08:54,BB01185,ชามะนาว,ชา,1,45,45,QR พร้อมเพย์
2026-08-23,09:27,BB01186,นมสดคาราเมล,ไม่ใช่กาแฟ,1,60,60,QR พร้อมเพย์
2026-08-23,12:13,BB01187,มัทฉะลาเต้,ชา,1,75,75,เงินสด
2026-08-23,12:13,BB01187,อเมริกาโน่,กาแฟ,1,55,55,เงินสด
2026-08-23,16:23,BB01188,อเมริกาโน่,กาแฟ,1,55,55,QR พร้อมเพย์
2026-08-23,16:23,BB01188,ลาเต้,กาแฟ,1,65,65,QR พร้อมเพย์
2026-08-23,16:23,BB01188,ชาไทย,ชา,1,55,55,QR พร้อมเพย์
2026-08-23,08:55,BB01189,นมสดคาราเมล,ไม่ใช่กาแฟ,2,60,120,บัตรเครดิต
2026-08-23,08:55,BB01189,โกโก้,ไม่ใช่กาแฟ,1,60,60,บัตรเครดิต
2026-08-23,15:51,BB01190,ชาไทย,ชา,2,55,110,บัตรเครดิต
2026-08-23,15:51,BB01190,อเมริกาโน่,กาแฟ,1,55,55,บัตรเครดิต
2026-08-23,14:12,BB01191,อเมริกาโน่,กาแฟ,1,55,55,เงินสด
2026-08-23,14:12,BB01191,คาปูชิโน่,กาแฟ,1,65,65,เงินสด
2026-08-23,14:12,BB01191,บราวนี่,เบเกอรี่,1,55,55,เงินสด
2026-08-23,10:54,BB01192,ครัวซองต์,เบเกอรี่,1,65,65,เงินสด
2026-08-23,15:35,BB01193,ชาไทย,ชา,1,55,55,เงินสด
2026-08-23,08:32,BB01194,อเมริกาโน่,กาแฟ,1,55,55,เงินสด
2026-08-23,16:54,BB01195,มัทฉะลาเต้,ชา,1,75,75,QR พร้อมเพย์
2026-08-23,09:26,BB01196,ชามะนาว,ชา,1,45,45,เงินสด
2026-08-23,15:54,BB01197,ลาเต้,กาแฟ,1,65,65,เงินสด
2026-08-23,15:54,BB01197,ชาไทย,ชา,1,55,55,เงินสด
2026-08-23,15:54,BB01197,โกโก้,ไม่ใช่กาแฟ,1,60,60,เงินสด
2026-08-23,13:23,BB01198,บราวนี่,เบเกอรี่,1,55,55,เงินสด
2026-08-23,13:23,BB01198,ชาไทย,ชา,1,55,55,เงินสด
2026-08-23,13:23,BB01198,บราวนี่,เบเกอรี่,1,55,55,เงินสด
2026-08-23,13:21,BB01199,ชาไทย,ชา,1,55,55,เงินสด
2026-08-23,13:27,BB01200,ชาไทย,ชา,1,55,55,QR พร้อมเพย์
2026-08-23,12:56,BB01201,บราวนี่,เบเกอรี่,1,55,55,QR พร้อมเพย์
2026-08-23,09:11,BB01202,โกโก้,ไม่ใช่กาแฟ,1,60,60,QR พร้อมเพย์
2026-08-23,09:11,BB01202,อเมริกาโน่,กาแฟ,1,55,55,QR พร้อมเพย์
2026-08-23,11:55,BB01203,เอสเพรสโซ่,กาแฟ,1,50,50,QR พร้อมเพย์
2026-08-23,11:55,BB01203,คาปูชิโน่,กาแฟ,2,65,130,QR พร้อมเพย์
2026-08-23,10:40,BB01204,อเมริกาโน่,กาแฟ,2,55,110,เงินสด
2026-08-23,10:32,BB01205,ครัวซองต์,เบเกอรี่,1,65,65,บัตรเครดิต
2026-08-23,16:15,BB01206,ครัวซองต์,เบเกอรี่,2,65,130,บัตรเครดิต
2026-08-23,16:15,BB01206,ครัวซองต์,เบเกอรี่,1,65,65,บัตรเครดิต
2026-08-23,16:15,BB01206,อเมริกาโน่,กาแฟ,2,55,110,บัตรเครดิต
2026-08-23,16:39,BB01207,อเมริกาโน่,กาแฟ,1,55,55,เงินสด
2026-08-23,13:31,BB01208,ครัวซองต์,เบเกอรี่,1,65,65,เงินสด
2026-08-23,16:18,BB01209,อเมริกาโน่,กาแฟ,1,55,55,QR พร้อมเพย์
2026-08-23,16:18,BB01209,ครัวซองต์,เบเกอรี่,1,65,65,QR พร้อมเพย์
2026-08-23,14:03,BB01210,ชาไทย,ชา,2,55,110,เงินสด
2026-08-23,09:11,BB01211,อเมริกาโน่,กาแฟ,1,55,55,QR พร้อมเพย์
2026-08-23,08:32,BB01212,ชาไทย,ชา,1,55,55,เงินสด
2026-08-23,08:32,BB01212,เอสเพรสโซ่,กาแฟ,2,50,100,เงินสด
2026-08-23,10:35,BB01213,ชาไทย,ชา,1,55,55,เงินสด
2026-08-23,10:35,BB01213,ชามะนาว,ชา,2,45,90,เงินสด
2026-08-23,07:11,BB01214,โกโก้,ไม่ใช่กาแฟ,2,60,120,QR พร้อมเพย์
2026-08-23,07:11,BB01214,อเมริกาโน่,กาแฟ,1,55,55,QR พร้อมเพย์
2026-08-23,12:08,BB01215,ชาไทย,ชา,1,55,55,QR พร้อมเพย์
2026-08-23,07:10,BB01216,อเมริกาโน่,กาแฟ,1,55,55,เงินสด
2026-08-23,07:10,BB01216,มอคค่า,กาแฟ,1,70,70,เงินสด
2026-08-23,07:10,BB01216,มอคค่า,กาแฟ,1,70,70,เงินสด
2026-08-23,16:02,BB01217,อเมริกาโน่,กาแฟ,1,55,55,เงินสด
2026-08-23,16:02,BB01217,นมสดคาราเมล,ไม่ใช่กาแฟ,1,60,60,เงินสด
2026-08-23,16:02,BB01217,เอสเพรสโซ่,กาแฟ,1,50,50,เงินสด
2026-08-23,11:24,BB01218,ชามะนาว,ชา,2,45,90,QR พร้อมเพย์
2026-08-23,11:24,BB01218,ลาเต้,กาแฟ,1,65,65,QR พร้อมเพย์
2026-08-23,10:57,BB01219,ชาไทย,ชา,1,55,55,QR พร้อมเพย์
2026-08-23,11:03,BB01220,คาปูชิโน่,กาแฟ,2,65,130,บัตรเครดิต
2026-08-23,11:03,BB01220,ชามะนาว,ชา,2,45,90,บัตรเครดิต
2026-08-23,11:03,BB01220,นมสดคาราเมล,ไม่ใช่กาแฟ,1,60,60,บัตรเครดิต
2026-08-23,10:50,BB01221,มัทฉะลาเต้,ชา,1,75,75,QR พร้อมเพย์
2026-08-23,10:50,BB01221,ชีสเค้ก,เบเกอรี่,1,85,85,QR พร้อมเพย์
2026-08-23,12:33,BB01222,ครัวซองต์,เบเกอรี่,1,65,65,QR พร้อมเพย์
2026-08-23,08:48,BB01223,นมสดคาราเมล,ไม่ใช่กาแฟ,1,60,60,QR พร้อมเพย์
2026-08-23,08:48,BB01223,คาปูชิโน่,กาแฟ,1,65,65,QR พร้อมเพย์
2026-08-23,08:48,BB01223,อเมริกาโน่,กาแฟ,1,55,55,QR พร้อมเพย์
2026-08-23,09:11,BB01224,ชามะนาว,ชา,2,45,90,QR พร้อมเพย์
2026-08-23,14:34,BB01225,มัทฉะลาเต้,ชา,1,75,75,QR พร้อมเพย์
2026-08-23,14:44,BB01226,โกโก้,ไม่ใช่กาแฟ,2,60,120,QR พร้อมเพย์
2026-08-23,11:54,BB01227,มัทฉะลาเต้,ชา,2,75,150,QR พร้อมเพย์
2026-08-23,09:26,BB01228,มอคค่า,กาแฟ,1,70,70,QR พร้อมเพย์
2026-08-23,09:26,BB01228,ลาเต้,กาแฟ,1,65,65,QR พร้อมเพย์
2026-08-23,13:23,BB01229,โกโก้,ไม่ใช่กาแฟ,1,60,60,QR พร้อมเพย์
2026-08-23,13:23,BB01229,คาปูชิโน่,กาแฟ,1,65,65,QR พร้อมเพย์
2026-08-23,09:10,BB01230,ลาเต้,กาแฟ,1,65,65,เงินสด
2026-08-23,15:33,BB01231,บราวนี่,เบเกอรี่,1,55,55,เงินสด
2026-08-23,15:33,BB01231,มัทฉะลาเต้,ชา,1,75,75,เงินสด
2026-08-23,18:35,BB01232,อเมริกาโน่,กาแฟ,1,55,55,เงินสด
2026-08-23,13:05,BB01233,ชาไทย,ชา,2,55,110,QR พร้อมเพย์
2026-08-23,09:49,BB01234,ลาเต้,กาแฟ,1,65,65,QR พร้อมเพย์
2026-08-23,15:04,BB01235,ชีสเค้ก,เบเกอรี่,1,85,85,QR พร้อมเพย์
2026-08-23,12:57,BB01236,ลาเต้,กาแฟ,1,65,65,QR พร้อมเพย์
2026-08-23,12:57,BB01236,คาปูชิโน่,กาแฟ,1,65,65,QR พร้อมเพย์
2026-08-23,12:42,BB01237,นมสดคาราเมล,ไม่ใช่กาแฟ,1,60,60,เงินสด
2026-08-23,14:46,BB01238,บราวนี่,เบเกอรี่,1,55,55,บัตรเครดิต
2026-08-23,17:12,BB01239,อเมริกาโน่,กาแฟ,1,55,55,เงินสด
2026-08-23,17:12,BB01239,ลาเต้,กาแฟ,1,65,65,เงินสด
2026-08-23,09:20,BB01240,คาปูชิโน่,กาแฟ,1,65,65,เงินสด
2026-08-23,11:32,BB01241,บราวนี่,เบเกอรี่,2,55,110,QR พร้อมเพย์
2026-08-23,12:33,BB01242,อเมริกาโน่,กาแฟ,1,55,55,เงินสด
2026-08-23,10:01,BB01243,ชาไทย,ชา,2,55,110,QR พร้อมเพย์
2026-08-23,10:01,BB01243,อเมริกาโน่,กาแฟ,2,55,110,QR พร้อมเพย์
2026-08-23,12:40,BB01244,บราวนี่,เบเกอรี่,1,55,55,บัตรเครดิต
2026-08-23,12:40,BB01244,ชีสเค้ก,เบเกอรี่,1,85,85,บัตรเครดิต
2026-08-23,12:40,BB01244,ลาเต้,กาแฟ,2,65,130,บัตรเครดิต
2026-08-23,15:09,BB01245,โกโก้,ไม่ใช่กาแฟ,1,60,60,QR พร้อมเพย์
2026-08-23,11:30,BB01246,ชีสเค้ก,เบเกอรี่,1,85,85,QR พร้อมเพย์
2026-08-23,11:30,BB01246,บราวนี่,เบเกอรี่,1,55,55,QR พร้อมเพย์
2026-08-24,09:14,BB01247,โกโก้,ไม่ใช่กาแฟ,1,60,60,QR พร้อมเพย์
2026-08-24,09:14,BB01247,ชีสเค้ก,เบเกอรี่,1,85,85,QR พร้อมเพย์
2026-08-24,14:59,BB01248,ชามะนาว,ชา,2,45,90,QR พร้อมเพย์
2026-08-24,14:59,BB01248,เอสเพรสโซ่,กาแฟ,1,50,50,QR พร้อมเพย์
2026-08-24,12:35,BB01249,นมสดคาราเมล,ไม่ใช่กาแฟ,2,60,120,QR พร้อมเพย์
2026-08-24,09:45,BB01250,อเมริกาโน่,กาแฟ,2,55,110,เงินสด
2026-08-24,09:02,BB01251,เอสเพรสโซ่,กาแฟ,2,50,100,QR พร้อมเพย์
2026-08-24,09:02,BB01251,นมสดคาราเมล,ไม่ใช่กาแฟ,2,60,120,QR พร้อมเพย์
2026-08-24,17:36,BB01252,ชีสเค้ก,เบเกอรี่,1,85,85,เงินสด
2026-08-24,12:34,BB01253,ครัวซองต์,เบเกอรี่,2,65,130,เงินสด
2026-08-24,13:44,BB01254,ลาเต้,กาแฟ,1,65,65,เงินสด
2026-08-24,13:44,BB01254,บราวนี่,เบเกอรี่,1,55,55,เงินสด
2026-08-24,11:22,BB01255,ลาเต้,กาแฟ,2,65,130,QR พร้อมเพย์
2026-08-24,07:51,BB01256,อเมริกาโน่,กาแฟ,1,55,55,QR พร้อมเพย์
2026-08-24,11:33,BB01257,ชาไทย,ชา,1,55,55,QR พร้อมเพย์
2026-08-24,11:33,BB01257,อเมริกาโน่,กาแฟ,1,55,55,QR พร้อมเพย์
2026-08-24,11:33,BB01257,ลาเต้,กาแฟ,1,65,65,QR พร้อมเพย์
2026-08-24,15:15,BB01258,นมสดคาราเมล,ไม่ใช่กาแฟ,1,60,60,QR พร้อมเพย์
2026-08-24,15:15,BB01258,ชามะนาว,ชา,2,45,90,QR พร้อมเพย์
2026-08-24,16:46,BB01259,ชาไทย,ชา,1,55,55,QR พร้อมเพย์
2026-08-24,16:46,BB01259,คาปูชิโน่,กาแฟ,1,65,65,QR พร้อมเพย์
2026-08-24,10:47,BB01260,อเมริกาโน่,กาแฟ,2,55,110,QR พร้อมเพย์
2026-08-24,08:35,BB01261,อเมริกาโน่,กาแฟ,2,55,110,เงินสด
2026-08-24,08:47,BB01262,โกโก้,ไม่ใช่กาแฟ,1,60,60,QR พร้อมเพย์
2026-08-24,08:47,BB01262,อเมริกาโน่,กาแฟ,1,55,55,QR พร้อมเพย์
2026-08-24,12:38,BB01263,คาปูชิโน่,กาแฟ,1,65,65,เงินสด
2026-08-24,12:38,BB01263,คาปูชิโน่,กาแฟ,1,65,65,เงินสด
2026-08-24,12:38,BB01263,ครัวซองต์,เบเกอรี่,1,65,65,เงินสด
2026-08-24,09:59,BB01264,ครัวซองต์,เบเกอรี่,1,65,65,QR พร้อมเพย์
2026-08-24,12:50,BB01265,โกโก้,ไม่ใช่กาแฟ,1,60,60,QR พร้อมเพย์
2026-08-24,16:36,BB01266,เอสเพรสโซ่,กาแฟ,1,50,50,QR พร้อมเพย์
2026-08-24,12:56,BB01267,บราวนี่,เบเกอรี่,1,55,55,QR พร้อมเพย์
2026-08-24,12:01,BB01268,คาปูชิโน่,กาแฟ,2,65,130,บัตรเครดิต
2026-08-24,16:20,BB01269,อเมริกาโน่,กาแฟ,1,55,55,บัตรเครดิต
2026-08-24,11:00,BB01270,ชาไทย,ชา,1,55,55,QR พร้อมเพย์
2026-08-24,11:00,BB01270,ครัวซองต์,เบเกอรี่,1,65,65,QR พร้อมเพย์
2026-08-24,17:08,BB01271,นมสดคาราเมล,ไม่ใช่กาแฟ,2,60,120,เงินสด
2026-08-24,07:51,BB01272,มัทฉะลาเต้,ชา,1,75,75,QR พร้อมเพย์
2026-08-24,10:30,BB01273,ลาเต้,กาแฟ,2,65,130,เงินสด
2026-08-24,10:30,BB01273,โกโก้,ไม่ใช่กาแฟ,1,60,60,เงินสด
2026-08-24,10:30,BB01273,อเมริกาโน่,กาแฟ,1,55,55,เงินสด
2026-08-24,08:42,BB01274,มอคค่า,กาแฟ,2,70,140,เงินสด
2026-08-24,10:40,BB01275,ลาเต้,กาแฟ,1,65,65,QR พร้อมเพย์
2026-08-24,10:40,BB01275,มัทฉะลาเต้,ชา,2,75,150,QR พร้อมเพย์
2026-08-24,09:38,BB01276,ชาไทย,ชา,1,55,55,QR พร้อมเพย์
2026-08-24,09:38,BB01276,ชาไทย,ชา,1,55,55,QR พร้อมเพย์
2026-08-24,07:33,BB01277,อเมริกาโน่,กาแฟ,1,55,55,QR พร้อมเพย์
2026-08-24,07:33,BB01277,ชามะนาว,ชา,1,45,45,QR พร้อมเพย์
2026-08-24,08:57,BB01278,ครัวซองต์,เบเกอรี่,1,65,65,QR พร้อมเพย์
2026-08-24,08:57,BB01278,นมสดคาราเมล,ไม่ใช่กาแฟ,1,60,60,QR พร้อมเพย์
2026-08-24,08:16,BB01279,ลาเต้,กาแฟ,2,65,130,QR พร้อมเพย์
2026-08-24,11:15,BB01280,ชามะนาว,ชา,2,45,90,QR พร้อมเพย์
2026-08-24,08:40,BB01281,ชาไทย,ชา,1,55,55,เงินสด
2026-08-24,08:40,BB01281,ครัวซองต์,เบเกอรี่,1,65,65,เงินสด
2026-08-24,11:38,BB01282,เอสเพรสโซ่,กาแฟ,1,50,50,QR พร้อมเพย์
2026-08-24,16:58,BB01283,บราวนี่,เบเกอรี่,1,55,55,QR พร้อมเพย์
2026-08-24,08:20,BB01284,เอสเพรสโซ่,กาแฟ,1,50,50,QR พร้อมเพย์
2026-08-24,13:26,BB01285,อเมริกาโน่,กาแฟ,1,55,55,เงินสด
2026-08-24,15:13,BB01286,ลาเต้,กาแฟ,1,65,65,QR พร้อมเพย์
2026-08-24,15:13,BB01286,ชามะนาว,ชา,1,45,45,QR พร้อมเพย์
2026-08-24,17:41,BB01287,อเมริกาโน่,กาแฟ,2,55,110,เงินสด
2026-08-24,13:47,BB01288,อเมริกาโน่,กาแฟ,2,55,110,เงินสด
2026-08-24,14:51,BB01289,ลาเต้,กาแฟ,1,65,65,บัตรเครดิต
2026-08-24,15:46,BB01290,ลาเต้,กาแฟ,2,65,130,เงินสด
2026-08-24,15:18,BB01291,มัทฉะลาเต้,ชา,1,75,75,เงินสด
2026-08-24,13:19,BB01292,ชาไทย,ชา,1,55,55,เงินสด
2026-08-24,13:19,BB01292,คาปูชิโน่,กาแฟ,1,65,65,เงินสด
2026-08-24,08:46,BB01293,ชีสเค้ก,เบเกอรี่,1,85,85,เงินสด
2026-08-24,08:46,BB01293,ชามะนาว,ชา,2,45,90,เงินสด
2026-08-24,13:07,BB01294,อเมริกาโน่,กาแฟ,1,55,55,เงินสด
2026-08-24,13:07,BB01294,ลาเต้,กาแฟ,1,65,65,เงินสด
2026-08-24,14:43,BB01295,เอสเพรสโซ่,กาแฟ,1,50,50,เงินสด
2026-08-24,11:10,BB01296,คาปูชิโน่,กาแฟ,1,65,65,QR พร้อมเพย์
2026-08-24,11:10,BB01296,มัทฉะลาเต้,ชา,2,75,150,QR พร้อมเพย์
2026-08-24,13:33,BB01297,ชีสเค้ก,เบเกอรี่,1,85,85,QR พร้อมเพย์
2026-08-24,13:33,BB01297,ชาไทย,ชา,1,55,55,QR พร้อมเพย์
2026-08-24,13:33,BB01297,นมสดคาราเมล,ไม่ใช่กาแฟ,1,60,60,QR พร้อมเพย์
2026-08-24,15:51,BB01298,เอสเพรสโซ่,กาแฟ,2,50,100,QR พร้อมเพย์
2026-08-24,15:51,BB01298,อเมริกาโน่,กาแฟ,1,55,55,QR พร้อมเพย์
2026-08-24,14:49,BB01299,บราวนี่,เบเกอรี่,1,55,55,QR พร้อมเพย์
2026-08-25,13:22,BB01300,ลาเต้,กาแฟ,2,65,130,QR พร้อมเพย์
2026-08-25,09:09,BB01301,โกโก้,ไม่ใช่กาแฟ,1,60,60,QR พร้อมเพย์
2026-08-25,18:37,BB01302,บราวนี่,เบเกอรี่,1,55,55,QR พร้อมเพย์
2026-08-25,14:49,BB01303,ชาไทย,ชา,1,55,55,QR พร้อมเพย์
2026-08-25,13:58,BB01304,อเมริกาโน่,กาแฟ,2,55,110,บัตรเครดิต
2026-08-25,10:57,BB01305,ชามะนาว,ชา,2,45,90,เงินสด
2026-08-25,08:32,BB01306,มัทฉะลาเต้,ชา,1,75,75,QR พร้อมเพย์
2026-08-25,08:32,BB01306,ชาไทย,ชา,1,55,55,QR พร้อมเพย์
2026-08-25,08:32,BB01306,นมสดคาราเมล,ไม่ใช่กาแฟ,1,60,60,QR พร้อมเพย์
2026-08-25,16:09,BB01307,ชาไทย,ชา,2,55,110,QR พร้อมเพย์
2026-08-25,16:09,BB01307,มอคค่า,กาแฟ,1,70,70,QR พร้อมเพย์
2026-08-25,16:09,BB01307,อเมริกาโน่,กาแฟ,1,55,55,QR พร้อมเพย์
2026-08-25,07:08,BB01308,ชีสเค้ก,เบเกอรี่,1,85,85,บัตรเครดิต
2026-08-25,10:15,BB01309,ชามะนาว,ชา,1,45,45,เงินสด
2026-08-25,08:30,BB01310,นมสดคาราเมล,ไม่ใช่กาแฟ,1,60,60,QR พร้อมเพย์
2026-08-25,08:30,BB01310,อเมริกาโน่,กาแฟ,1,55,55,QR พร้อมเพย์
2026-08-25,12:01,BB01311,ชาไทย,ชา,1,55,55,QR พร้อมเพย์
2026-08-25,18:45,BB01312,ชามะนาว,ชา,1,45,45,เงินสด
2026-08-25,12:03,BB01313,มอคค่า,กาแฟ,2,70,140,QR พร้อมเพย์
2026-08-25,10:32,BB01314,มอคค่า,กาแฟ,1,70,70,QR พร้อมเพย์
2026-08-25,08:46,BB01315,อเมริกาโน่,กาแฟ,1,55,55,เงินสด
2026-08-25,08:46,BB01315,ลาเต้,กาแฟ,1,65,65,เงินสด
2026-08-25,14:01,BB01316,อเมริกาโน่,กาแฟ,1,55,55,QR พร้อมเพย์
2026-08-25,14:01,BB01316,ชีสเค้ก,เบเกอรี่,2,85,170,QR พร้อมเพย์
2026-08-25,14:01,BB01316,อเมริกาโน่,กาแฟ,1,55,55,QR พร้อมเพย์
2026-08-25,15:01,BB01317,มัทฉะลาเต้,ชา,1,75,75,เงินสด
2026-08-25,15:01,BB01317,อเมริกาโน่,กาแฟ,1,55,55,เงินสด
2026-08-25,12:38,BB01318,ชีสเค้ก,เบเกอรี่,1,85,85,QR พร้อมเพย์
2026-08-25,09:11,BB01319,ชามะนาว,ชา,1,45,45,QR พร้อมเพย์
2026-08-25,09:11,BB01319,มอคค่า,กาแฟ,1,70,70,QR พร้อมเพย์
2026-08-25,09:11,BB01319,อเมริกาโน่,กาแฟ,1,55,55,QR พร้อมเพย์
2026-08-25,09:11,BB01320,ชาไทย,ชา,1,55,55,บัตรเครดิต
2026-08-25,14:53,BB01321,เอสเพรสโซ่,กาแฟ,1,50,50,QR พร้อมเพย์
2026-08-25,14:53,BB01321,ชาไทย,ชา,1,55,55,QR พร้อมเพย์
2026-08-25,15:02,BB01322,ลาเต้,กาแฟ,1,65,65,QR พร้อมเพย์
2026-08-25,15:02,BB01322,อเมริกาโน่,กาแฟ,2,55,110,QR พร้อมเพย์
2026-08-25,15:02,BB01322,ชาไทย,ชา,1,55,55,QR พร้อมเพย์
2026-08-25,12:09,BB01323,ลาเต้,กาแฟ,1,65,65,QR พร้อมเพย์
2026-08-25,11:48,BB01324,คาปูชิโน่,กาแฟ,1,65,65,QR พร้อมเพย์
2026-08-25,09:37,BB01325,ลาเต้,กาแฟ,2,65,130,QR พร้อมเพย์
2026-08-25,10:08,BB01326,นมสดคาราเมล,ไม่ใช่กาแฟ,1,60,60,QR พร้อมเพย์
2026-08-25,12:15,BB01327,อเมริกาโน่,กาแฟ,1,55,55,QR พร้อมเพย์
2026-08-25,12:15,BB01327,ชาไทย,ชา,1,55,55,QR พร้อมเพย์
2026-08-25,12:15,BB01327,มอคค่า,กาแฟ,1,70,70,QR พร้อมเพย์
2026-08-25,10:33,BB01328,ครัวซองต์,เบเกอรี่,1,65,65,QR พร้อมเพย์
2026-08-25,09:14,BB01329,ชาไทย,ชา,2,55,110,QR พร้อมเพย์
2026-08-25,08:14,BB01330,อเมริกาโน่,กาแฟ,1,55,55,QR พร้อมเพย์
2026-08-25,08:14,BB01330,มัทฉะลาเต้,ชา,1,75,75,QR พร้อมเพย์
2026-08-25,12:04,BB01331,ชาไทย,ชา,1,55,55,เงินสด
2026-08-25,12:04,BB01331,ครัวซองต์,เบเกอรี่,1,65,65,เงินสด
2026-08-25,09:30,BB01332,นมสดคาราเมล,ไม่ใช่กาแฟ,1,60,60,QR พร้อมเพย์
2026-08-25,10:38,BB01333,ลาเต้,กาแฟ,1,65,65,บัตรเครดิต
2026-08-25,15:06,BB01334,โกโก้,ไม่ใช่กาแฟ,1,60,60,เงินสด
2026-08-25,15:48,BB01335,อเมริกาโน่,กาแฟ,1,55,55,QR พร้อมเพย์
2026-08-25,14:36,BB01336,อเมริกาโน่,กาแฟ,1,55,55,QR พร้อมเพย์
2026-08-25,17:51,BB01337,ชีสเค้ก,เบเกอรี่,1,85,85,QR พร้อมเพย์
2026-08-25,17:51,BB01337,ลาเต้,กาแฟ,1,65,65,QR พร้อมเพย์
2026-08-25,17:51,BB01337,มัทฉะลาเต้,ชา,1,75,75,QR พร้อมเพย์
2026-08-25,12:49,BB01338,บราวนี่,เบเกอรี่,2,55,110,เงินสด
2026-08-25,07:56,BB01339,โกโก้,ไม่ใช่กาแฟ,1,60,60,QR พร้อมเพย์
2026-08-25,15:42,BB01340,บราวนี่,เบเกอรี่,1,55,55,เงินสด
2026-08-25,18:59,BB01341,บราวนี่,เบเกอรี่,1,55,55,QR พร้อมเพย์
2026-08-25,17:59,BB01342,ชาไทย,ชา,1,55,55,เงินสด
2026-08-25,17:59,BB01342,อเมริกาโน่,กาแฟ,1,55,55,เงินสด
2026-08-25,08:36,BB01343,อเมริกาโน่,กาแฟ,1,55,55,QR พร้อมเพย์
2026-08-25,09:16,BB01344,ชามะนาว,ชา,1,45,45,QR พร้อมเพย์
2026-08-25,12:16,BB01345,คาปูชิโน่,กาแฟ,1,65,65,QR พร้อมเพย์
2026-08-25,16:19,BB01346,ลาเต้,กาแฟ,1,65,65,QR พร้อมเพย์
2026-08-25,16:19,BB01346,ลาเต้,กาแฟ,1,65,65,QR พร้อมเพย์
2026-08-25,11:04,BB01347,โกโก้,ไม่ใช่กาแฟ,2,60,120,QR พร้อมเพย์
2026-08-25,08:58,BB01348,มัทฉะลาเต้,ชา,1,75,75,เงินสด
2026-08-25,08:58,BB01348,อเมริกาโน่,กาแฟ,1,55,55,เงินสด
2026-08-25,08:58,BB01348,อเมริกาโน่,กาแฟ,1,55,55,เงินสด
2026-08-25,12:58,BB01349,ครัวซองต์,เบเกอรี่,1,65,65,QR พร้อมเพย์
2026-08-25,08:01,BB01350,ลาเต้,กาแฟ,2,65,130,เงินสด
2026-08-25,11:31,BB01351,ครัวซองต์,เบเกอรี่,1,65,65,เงินสด
2026-08-25,11:31,BB01351,มัทฉะลาเต้,ชา,1,75,75,เงินสด
2026-08-25,11:31,BB01351,ชาไทย,ชา,2,55,110,เงินสด
2026-08-25,13:09,BB01352,อเมริกาโน่,กาแฟ,2,55,110,QR พร้อมเพย์
2026-08-25,13:09,BB01352,คาปูชิโน่,กาแฟ,2,65,130,QR พร้อมเพย์
2026-08-25,13:09,BB01352,นมสดคาราเมล,ไม่ใช่กาแฟ,2,60,120,QR พร้อมเพย์
2026-08-26,08:14,BB01353,ชาไทย,ชา,1,55,55,QR พร้อมเพย์
2026-08-26,14:21,BB01354,คาปูชิโน่,กาแฟ,1,65,65,QR พร้อมเพย์
2026-08-26,14:21,BB01354,ชามะนาว,ชา,1,45,45,QR พร้อมเพย์
2026-08-26,08:40,BB01355,ลาเต้,กาแฟ,1,65,65,QR พร้อมเพย์
2026-08-26,08:40,BB01355,มอคค่า,กาแฟ,1,70,70,QR พร้อมเพย์
2026-08-26,08:14,BB01356,มอคค่า,กาแฟ,1,70,70,QR พร้อมเพย์
2026-08-26,08:14,BB01356,มอคค่า,กาแฟ,1,70,70,QR พร้อมเพย์
2026-08-26,08:13,BB01357,อเมริกาโน่,กาแฟ,1,55,55,QR พร้อมเพย์
2026-08-26,10:41,BB01358,อเมริกาโน่,กาแฟ,2,55,110,เงินสด
2026-08-26,10:20,BB01359,มัทฉะลาเต้,ชา,1,75,75,QR พร้อมเพย์
2026-08-26,10:20,BB01359,มัทฉะลาเต้,ชา,1,75,75,QR พร้อมเพย์
2026-08-26,14:59,BB01360,อเมริกาโน่,กาแฟ,1,55,55,QR พร้อมเพย์
2026-08-26,14:59,BB01360,มัทฉะลาเต้,ชา,1,75,75,QR พร้อมเพย์
2026-08-26,08:37,BB01361,คาปูชิโน่,กาแฟ,1,65,65,QR พร้อมเพย์
2026-08-26,13:40,BB01362,มอคค่า,กาแฟ,1,70,70,QR พร้อมเพย์
2026-08-26,11:04,BB01363,บราวนี่,เบเกอรี่,2,55,110,QR พร้อมเพย์
2026-08-26,08:14,BB01364,ครัวซองต์,เบเกอรี่,1,65,65,QR พร้อมเพย์
2026-08-26,12:04,BB01365,มอคค่า,กาแฟ,1,70,70,QR พร้อมเพย์
2026-08-26,08:14,BB01366,ชีสเค้ก,เบเกอรี่,2,85,170,QR พร้อมเพย์
2026-08-26,08:14,BB01366,มอคค่า,กาแฟ,1,70,70,QR พร้อมเพย์
2026-08-26,08:39,BB01367,ลาเต้,กาแฟ,2,65,130,เงินสด
2026-08-26,08:44,BB01368,โกโก้,ไม่ใช่กาแฟ,1,60,60,เงินสด
2026-08-26,08:44,BB01368,อเมริกาโน่,กาแฟ,1,55,55,เงินสด
2026-08-26,18:20,BB01369,ชีสเค้ก,เบเกอรี่,1,85,85,เงินสด
2026-08-26,18:20,BB01369,คาปูชิโน่,กาแฟ,1,65,65,เงินสด
2026-08-26,15:25,BB01370,ชีสเค้ก,เบเกอรี่,1,85,85,QR พร้อมเพย์
2026-08-26,11:19,BB01371,ครัวซองต์,เบเกอรี่,1,65,65,QR พร้อมเพย์
2026-08-26,08:16,BB01372,ชีสเค้ก,เบเกอรี่,1,85,85,QR พร้อมเพย์
2026-08-26,08:16,BB01372,ชามะนาว,ชา,2,45,90,QR พร้อมเพย์
2026-08-26,16:46,BB01373,อเมริกาโน่,กาแฟ,1,55,55,QR พร้อมเพย์
2026-08-26,10:00,BB01374,เอสเพรสโซ่,กาแฟ,1,50,50,เงินสด
2026-08-26,13:50,BB01375,ชามะนาว,ชา,1,45,45,QR พร้อมเพย์
2026-08-26,13:50,BB01375,อเมริกาโน่,กาแฟ,2,55,110,QR พร้อมเพย์
2026-08-26,14:30,BB01376,มอคค่า,กาแฟ,1,70,70,QR พร้อมเพย์
2026-08-26,12:43,BB01377,คาปูชิโน่,กาแฟ,1,65,65,QR พร้อมเพย์
2026-08-26,12:43,BB01377,คาปูชิโน่,กาแฟ,1,65,65,QR พร้อมเพย์
2026-08-26,10:57,BB01378,อเมริกาโน่,กาแฟ,2,55,110,QR พร้อมเพย์
2026-08-26,10:57,BB01378,ครัวซองต์,เบเกอรี่,2,65,130,QR พร้อมเพย์
2026-08-26,12:48,BB01379,อเมริกาโน่,กาแฟ,2,55,110,QR พร้อมเพย์
2026-08-26,12:48,BB01379,ชาไทย,ชา,2,55,110,QR พร้อมเพย์
2026-08-26,12:48,BB01379,โกโก้,ไม่ใช่กาแฟ,1,60,60,QR พร้อมเพย์
2026-08-26,14:26,BB01380,ชาไทย,ชา,1,55,55,QR พร้อมเพย์
2026-08-26,16:38,BB01381,คาปูชิโน่,กาแฟ,1,65,65,QR พร้อมเพย์
2026-08-26,11:31,BB01382,บราวนี่,เบเกอรี่,1,55,55,QR พร้อมเพย์
2026-08-26,11:31,BB01382,โกโก้,ไม่ใช่กาแฟ,1,60,60,QR พร้อมเพย์
2026-08-26,11:31,BB01382,มัทฉะลาเต้,ชา,1,75,75,QR พร้อมเพย์
2026-08-26,14:19,BB01383,ครัวซองต์,เบเกอรี่,2,65,130,QR พร้อมเพย์
2026-08-26,12:47,BB01384,อเมริกาโน่,กาแฟ,2,55,110,บัตรเครดิต
2026-08-26,12:41,BB01385,มัทฉะลาเต้,ชา,1,75,75,เงินสด
2026-08-26,12:41,BB01385,มอคค่า,กาแฟ,1,70,70,เงินสด
2026-08-26,17:15,BB01386,คาปูชิโน่,กาแฟ,1,65,65,QR พร้อมเพย์
2026-08-26,10:54,BB01387,อเมริกาโน่,กาแฟ,1,55,55,QR พร้อมเพย์
2026-08-26,12:35,BB01388,ครัวซองต์,เบเกอรี่,1,65,65,เงินสด
2026-08-26,12:35,BB01388,ชาไทย,ชา,1,55,55,เงินสด
2026-08-26,09:54,BB01389,โกโก้,ไม่ใช่กาแฟ,1,60,60,QR พร้อมเพย์
2026-08-26,18:48,BB01390,ลาเต้,กาแฟ,1,65,65,QR พร้อมเพย์
2026-08-26,10:16,BB01391,บราวนี่,เบเกอรี่,1,55,55,QR พร้อมเพย์
2026-08-26,10:16,BB01391,มัทฉะลาเต้,ชา,1,75,75,QR พร้อมเพย์
2026-08-26,10:16,BB01391,มัทฉะลาเต้,ชา,1,75,75,QR พร้อมเพย์
2026-08-26,13:26,BB01392,บราวนี่,เบเกอรี่,1,55,55,QR พร้อมเพย์
2026-08-26,17:39,BB01393,ลาเต้,กาแฟ,1,65,65,QR พร้อมเพย์
2026-08-26,09:52,BB01394,ชาไทย,ชา,2,55,110,QR พร้อมเพย์
2026-08-26,08:54,BB01395,อเมริกาโน่,กาแฟ,1,55,55,เงินสด
2026-08-26,09:20,BB01396,ลาเต้,กาแฟ,1,65,65,QR พร้อมเพย์
2026-08-26,09:20,BB01396,คาปูชิโน่,กาแฟ,1,65,65,QR พร้อมเพย์
2026-08-26,09:20,BB01396,คาปูชิโน่,กาแฟ,1,65,65,QR พร้อมเพย์
2026-08-26,08:02,BB01397,อเมริกาโน่,กาแฟ,2,55,110,QR พร้อมเพย์
2026-08-26,10:21,BB01398,ชามะนาว,ชา,1,45,45,เงินสด
2026-08-26,10:21,BB01398,มอคค่า,กาแฟ,1,70,70,เงินสด
2026-08-26,10:21,BB01398,อเมริกาโน่,กาแฟ,1,55,55,เงินสด
2026-08-26,16:58,BB01399,เอสเพรสโซ่,กาแฟ,1,50,50,บัตรเครดิต
2026-08-26,16:58,BB01399,ชาไทย,ชา,2,55,110,บัตรเครดิต
2026-08-26,16:58,BB01399,ชีสเค้ก,เบเกอรี่,2,85,170,บัตรเครดิต
2026-08-26,15:57,BB01400,ชีสเค้ก,เบเกอรี่,1,85,85,QR พร้อมเพย์
2026-08-26,15:57,BB01400,มอคค่า,กาแฟ,1,70,70,QR พร้อมเพย์
2026-08-26,09:22,BB01401,มัทฉะลาเต้,ชา,1,75,75,บัตรเครดิต
2026-08-26,09:22,BB01401,อเมริกาโน่,กาแฟ,1,55,55,บัตรเครดิต
2026-08-26,09:39,BB01402,มัทฉะลาเต้,ชา,1,75,75,QR พร้อมเพย์
2026-08-27,11:35,BB01403,ครัวซองต์,เบเกอรี่,2,65,130,QR พร้อมเพย์
2026-08-27,15:25,BB01404,โกโก้,ไม่ใช่กาแฟ,1,60,60,บัตรเครดิต
2026-08-27,15:25,BB01404,ชาไทย,ชา,1,55,55,บัตรเครดิต
2026-08-27,12:48,BB01405,ชาไทย,ชา,1,55,55,QR พร้อมเพย์
2026-08-27,13:32,BB01406,ชาไทย,ชา,2,55,110,QR พร้อมเพย์
2026-08-27,13:32,BB01406,ชาไทย,ชา,1,55,55,QR พร้อมเพย์
2026-08-27,13:32,BB01406,โกโก้,ไม่ใช่กาแฟ,2,60,120,QR พร้อมเพย์
2026-08-27,17:15,BB01407,อเมริกาโน่,กาแฟ,1,55,55,QR พร้อมเพย์
2026-08-27,14:07,BB01408,ชีสเค้ก,เบเกอรี่,1,85,85,QR พร้อมเพย์
2026-08-27,14:07,BB01408,เอสเพรสโซ่,กาแฟ,2,50,100,QR พร้อมเพย์
2026-08-27,14:07,BB01408,อเมริกาโน่,กาแฟ,1,55,55,QR พร้อมเพย์
2026-08-27,09:55,BB01409,นมสดคาราเมล,ไม่ใช่กาแฟ,1,60,60,QR พร้อมเพย์
2026-08-27,15:16,BB01410,ชามะนาว,ชา,2,45,90,QR พร้อมเพย์
2026-08-27,09:12,BB01411,ครัวซองต์,เบเกอรี่,1,65,65,QR พร้อมเพย์
2026-08-27,14:47,BB01412,มัทฉะลาเต้,ชา,1,75,75,เงินสด
2026-08-27,14:47,BB01412,บราวนี่,เบเกอรี่,1,55,55,เงินสด
2026-08-27,10:48,BB01413,ลาเต้,กาแฟ,1,65,65,เงินสด
2026-08-27,11:29,BB01414,โกโก้,ไม่ใช่กาแฟ,1,60,60,QR พร้อมเพย์
2026-08-27,11:29,BB01414,ครัวซองต์,เบเกอรี่,1,65,65,QR พร้อมเพย์
2026-08-27,15:10,BB01415,อเมริกาโน่,กาแฟ,1,55,55,บัตรเครดิต
2026-08-27,15:10,BB01415,ชีสเค้ก,เบเกอรี่,1,85,85,บัตรเครดิต
2026-08-27,17:05,BB01416,ชามะนาว,ชา,2,45,90,เงินสด
2026-08-27,17:05,BB01416,ชีสเค้ก,เบเกอรี่,1,85,85,เงินสด
2026-08-27,12:07,BB01417,มอคค่า,กาแฟ,1,70,70,QR พร้อมเพย์
2026-08-27,12:07,BB01417,ครัวซองต์,เบเกอรี่,1,65,65,QR พร้อมเพย์
2026-08-27,09:02,BB01418,บราวนี่,เบเกอรี่,1,55,55,เงินสด
2026-08-27,09:42,BB01419,มอคค่า,กาแฟ,1,70,70,บัตรเครดิต
2026-08-27,09:42,BB01419,คาปูชิโน่,กาแฟ,1,65,65,บัตรเครดิต
2026-08-27,17:26,BB01420,มัทฉะลาเต้,ชา,1,75,75,บัตรเครดิต
2026-08-27,09:43,BB01421,ลาเต้,กาแฟ,2,65,130,QR พร้อมเพย์
2026-08-27,11:20,BB01422,บราวนี่,เบเกอรี่,1,55,55,QR พร้อมเพย์
2026-08-27,11:20,BB01422,ชามะนาว,ชา,1,45,45,QR พร้อมเพย์
2026-08-27,11:20,BB01422,มัทฉะลาเต้,ชา,1,75,75,QR พร้อมเพย์
2026-08-27,13:48,BB01423,มอคค่า,กาแฟ,1,70,70,เงินสด
2026-08-27,13:48,BB01423,ครัวซองต์,เบเกอรี่,1,65,65,เงินสด
2026-08-27,10:13,BB01424,มอคค่า,กาแฟ,1,70,70,บัตรเครดิต
2026-08-27,10:13,BB01424,มอคค่า,กาแฟ,1,70,70,บัตรเครดิต
2026-08-27,15:57,BB01425,ชีสเค้ก,เบเกอรี่,1,85,85,QR พร้อมเพย์
2026-08-27,07:41,BB01426,มัทฉะลาเต้,ชา,2,75,150,QR พร้อมเพย์
2026-08-27,07:41,BB01426,อเมริกาโน่,กาแฟ,2,55,110,QR พร้อมเพย์
2026-08-27,13:06,BB01427,อเมริกาโน่,กาแฟ,2,55,110,QR พร้อมเพย์
2026-08-27,13:06,BB01427,มัทฉะลาเต้,ชา,1,75,75,QR พร้อมเพย์
2026-08-27,12:29,BB01428,ครัวซองต์,เบเกอรี่,1,65,65,บัตรเครดิต
2026-08-27,12:19,BB01429,ชาไทย,ชา,1,55,55,QR พร้อมเพย์
2026-08-27,12:19,BB01429,ลาเต้,กาแฟ,1,65,65,QR พร้อมเพย์
2026-08-27,08:41,BB01430,อเมริกาโน่,กาแฟ,1,55,55,บัตรเครดิต
2026-08-27,15:04,BB01431,ชีสเค้ก,เบเกอรี่,2,85,170,QR พร้อมเพย์
2026-08-27,12:05,BB01432,โกโก้,ไม่ใช่กาแฟ,1,60,60,QR พร้อมเพย์
2026-08-27,12:05,BB01432,คาปูชิโน่,กาแฟ,1,65,65,QR พร้อมเพย์
2026-08-27,11:07,BB01433,ชีสเค้ก,เบเกอรี่,1,85,85,เงินสด
2026-08-27,11:07,BB01433,ชีสเค้ก,เบเกอรี่,2,85,170,เงินสด
2026-08-27,11:07,BB01433,เอสเพรสโซ่,กาแฟ,2,50,100,เงินสด
2026-08-27,17:44,BB01434,มอคค่า,กาแฟ,1,70,70,QR พร้อมเพย์
2026-08-27,08:42,BB01435,เอสเพรสโซ่,กาแฟ,1,50,50,QR พร้อมเพย์
2026-08-27,14:13,BB01436,อเมริกาโน่,กาแฟ,1,55,55,QR พร้อมเพย์
2026-08-27,14:13,BB01436,ลาเต้,กาแฟ,1,65,65,QR พร้อมเพย์
2026-08-27,12:25,BB01437,ชาไทย,ชา,2,55,110,QR พร้อมเพย์
2026-08-27,13:15,BB01438,ครัวซองต์,เบเกอรี่,1,65,65,QR พร้อมเพย์
2026-08-27,12:57,BB01439,อเมริกาโน่,กาแฟ,2,55,110,QR พร้อมเพย์
2026-08-27,11:18,BB01440,มอคค่า,กาแฟ,2,70,140,QR พร้อมเพย์
2026-08-27,10:20,BB01441,อเมริกาโน่,กาแฟ,1,55,55,เงินสด
2026-08-27,12:48,BB01442,คาปูชิโน่,กาแฟ,1,65,65,QR พร้อมเพย์
2026-08-27,15:37,BB01443,อเมริกาโน่,กาแฟ,2,55,110,เงินสด
2026-08-27,15:37,BB01443,อเมริกาโน่,กาแฟ,1,55,55,เงินสด
2026-08-27,18:26,BB01444,ลาเต้,กาแฟ,1,65,65,เงินสด
2026-08-27,08:26,BB01445,ชามะนาว,ชา,1,45,45,QR พร้อมเพย์
2026-08-27,08:26,BB01445,เอสเพรสโซ่,กาแฟ,2,50,100,QR พร้อมเพย์
2026-08-27,09:22,BB01446,ชามะนาว,ชา,1,45,45,บัตรเครดิต
2026-08-27,09:22,BB01446,มัทฉะลาเต้,ชา,1,75,75,บัตรเครดิต
2026-08-27,09:22,BB01446,บราวนี่,เบเกอรี่,2,55,110,บัตรเครดิต
2026-08-27,16:27,BB01447,โกโก้,ไม่ใช่กาแฟ,1,60,60,QR พร้อมเพย์
2026-08-27,16:27,BB01447,อเมริกาโน่,กาแฟ,1,55,55,QR พร้อมเพย์
2026-08-28,13:10,BB01448,ลาเต้,กาแฟ,1,65,65,QR พร้อมเพย์
2026-08-28,13:10,BB01448,นมสดคาราเมล,ไม่ใช่กาแฟ,1,60,60,QR พร้อมเพย์
2026-08-28,13:10,BB01448,บราวนี่,เบเกอรี่,1,55,55,QR พร้อมเพย์
2026-08-28,17:37,BB01449,มัทฉะลาเต้,ชา,1,75,75,เงินสด
2026-08-28,17:37,BB01449,ลาเต้,กาแฟ,1,65,65,เงินสด
2026-08-28,09:58,BB01450,ลาเต้,กาแฟ,1,65,65,QR พร้อมเพย์
2026-08-28,09:58,BB01450,อเมริกาโน่,กาแฟ,1,55,55,QR พร้อมเพย์
2026-08-28,09:03,BB01451,ชาไทย,ชา,1,55,55,QR พร้อมเพย์
2026-08-28,09:03,BB01451,ชามะนาว,ชา,1,45,45,QR พร้อมเพย์
2026-08-28,16:30,BB01452,อเมริกาโน่,กาแฟ,2,55,110,QR พร้อมเพย์
2026-08-28,08:38,BB01453,ชาไทย,ชา,2,55,110,เงินสด
2026-08-28,08:36,BB01454,ชีสเค้ก,เบเกอรี่,1,85,85,บัตรเครดิต
2026-08-28,09:21,BB01455,ลาเต้,กาแฟ,1,65,65,บัตรเครดิต
2026-08-28,12:06,BB01456,มอคค่า,กาแฟ,1,70,70,QR พร้อมเพย์
2026-08-28,14:28,BB01457,ชาไทย,ชา,2,55,110,เงินสด
2026-08-28,14:28,BB01457,คาปูชิโน่,กาแฟ,1,65,65,เงินสด
2026-08-28,08:04,BB01458,อเมริกาโน่,กาแฟ,1,55,55,QR พร้อมเพย์
2026-08-28,12:03,BB01459,ลาเต้,กาแฟ,2,65,130,เงินสด
2026-08-28,14:29,BB01460,ชามะนาว,ชา,1,45,45,QR พร้อมเพย์
2026-08-28,10:32,BB01461,ลาเต้,กาแฟ,1,65,65,QR พร้อมเพย์
2026-08-28,10:32,BB01461,ลาเต้,กาแฟ,1,65,65,QR พร้อมเพย์
2026-08-28,16:03,BB01462,ชาไทย,ชา,1,55,55,เงินสด
2026-08-28,09:55,BB01463,ลาเต้,กาแฟ,2,65,130,เงินสด
2026-08-28,17:12,BB01464,ครัวซองต์,เบเกอรี่,1,65,65,QR พร้อมเพย์
2026-08-28,17:12,BB01464,อเมริกาโน่,กาแฟ,1,55,55,QR พร้อมเพย์
2026-08-28,16:38,BB01465,เอสเพรสโซ่,กาแฟ,1,50,50,QR พร้อมเพย์
2026-08-28,14:15,BB01466,คาปูชิโน่,กาแฟ,1,65,65,บัตรเครดิต
2026-08-28,16:29,BB01467,ครัวซองต์,เบเกอรี่,1,65,65,QR พร้อมเพย์
2026-08-28,11:04,BB01468,ลาเต้,กาแฟ,1,65,65,เงินสด
2026-08-28,14:58,BB01469,คาปูชิโน่,กาแฟ,1,65,65,QR พร้อมเพย์
2026-08-28,14:58,BB01469,ชามะนาว,ชา,1,45,45,QR พร้อมเพย์
2026-08-28,11:54,BB01470,โกโก้,ไม่ใช่กาแฟ,1,60,60,เงินสด
2026-08-28,16:51,BB01471,ชาไทย,ชา,1,55,55,QR พร้อมเพย์
2026-08-28,12:28,BB01472,อเมริกาโน่,กาแฟ,1,55,55,เงินสด
2026-08-28,12:28,BB01472,ลาเต้,กาแฟ,1,65,65,เงินสด
2026-08-28,11:18,BB01473,ครัวซองต์,เบเกอรี่,1,65,65,QR พร้อมเพย์
2026-08-28,07:27,BB01474,ลาเต้,กาแฟ,1,65,65,เงินสด
2026-08-28,11:57,BB01475,อเมริกาโน่,กาแฟ,2,55,110,QR พร้อมเพย์
2026-08-28,12:04,BB01476,นมสดคาราเมล,ไม่ใช่กาแฟ,1,60,60,QR พร้อมเพย์
2026-08-28,12:04,BB01476,อเมริกาโน่,กาแฟ,1,55,55,QR พร้อมเพย์
2026-08-28,15:27,BB01477,อเมริกาโน่,กาแฟ,2,55,110,QR พร้อมเพย์
2026-08-28,15:27,BB01477,อเมริกาโน่,กาแฟ,1,55,55,QR พร้อมเพย์
2026-08-28,09:42,BB01478,ชาไทย,ชา,1,55,55,QR พร้อมเพย์
2026-08-28,12:25,BB01479,มัทฉะลาเต้,ชา,2,75,150,QR พร้อมเพย์
2026-08-28,11:10,BB01480,ครัวซองต์,เบเกอรี่,1,65,65,QR พร้อมเพย์
2026-08-28,13:11,BB01481,ชีสเค้ก,เบเกอรี่,1,85,85,QR พร้อมเพย์
2026-08-28,12:10,BB01482,ชาไทย,ชา,2,55,110,QR พร้อมเพย์
2026-08-28,13:52,BB01483,อเมริกาโน่,กาแฟ,1,55,55,เงินสด
2026-08-28,13:41,BB01484,โกโก้,ไม่ใช่กาแฟ,1,60,60,QR พร้อมเพย์
2026-08-28,10:32,BB01485,ครัวซองต์,เบเกอรี่,1,65,65,QR พร้อมเพย์
2026-08-28,10:32,BB01485,มอคค่า,กาแฟ,2,70,140,QR พร้อมเพย์
2026-08-28,16:42,BB01486,ลาเต้,กาแฟ,1,65,65,QR พร้อมเพย์
2026-08-28,09:22,BB01487,นมสดคาราเมล,ไม่ใช่กาแฟ,1,60,60,QR พร้อมเพย์
2026-08-28,10:16,BB01488,ลาเต้,กาแฟ,1,65,65,QR พร้อมเพย์
2026-08-28,10:16,BB01488,มอคค่า,กาแฟ,1,70,70,QR พร้อมเพย์
2026-08-28,08:28,BB01489,เอสเพรสโซ่,กาแฟ,1,50,50,QR พร้อมเพย์
2026-08-28,08:00,BB01490,ชาไทย,ชา,1,55,55,QR พร้อมเพย์
2026-08-28,08:00,BB01490,อเมริกาโน่,กาแฟ,1,55,55,QR พร้อมเพย์
2026-08-28,14:19,BB01491,อเมริกาโน่,กาแฟ,1,55,55,QR พร้อมเพย์
2026-08-28,14:19,BB01491,อเมริกาโน่,กาแฟ,1,55,55,QR พร้อมเพย์
2026-08-28,14:19,BB01491,ลาเต้,กาแฟ,1,65,65,QR พร้อมเพย์
2026-08-28,15:17,BB01492,ลาเต้,กาแฟ,1,65,65,บัตรเครดิต
2026-08-28,13:03,BB01493,มัทฉะลาเต้,ชา,1,75,75,QR พร้อมเพย์
2026-08-28,13:03,BB01493,ครัวซองต์,เบเกอรี่,1,65,65,QR พร้อมเพย์
2026-08-28,10:31,BB01494,บราวนี่,เบเกอรี่,1,55,55,QR พร้อมเพย์
2026-08-28,11:01,BB01495,โกโก้,ไม่ใช่กาแฟ,1,60,60,เงินสด
2026-08-28,11:43,BB01496,อเมริกาโน่,กาแฟ,2,55,110,QR พร้อมเพย์
2026-08-28,09:56,BB01497,โกโก้,ไม่ใช่กาแฟ,1,60,60,QR พร้อมเพย์
2026-08-28,18:47,BB01498,ครัวซองต์,เบเกอรี่,1,65,65,QR พร้อมเพย์
2026-08-28,18:47,BB01498,ลาเต้,กาแฟ,1,65,65,QR พร้อมเพย์
2026-08-28,18:47,BB01498,ลาเต้,กาแฟ,2,65,130,QR พร้อมเพย์
2026-08-28,15:07,BB01499,อเมริกาโน่,กาแฟ,2,55,110,QR พร้อมเพย์
2026-08-28,15:07,BB01499,คาปูชิโน่,กาแฟ,2,65,130,QR พร้อมเพย์
2026-08-28,08:07,BB01500,ลาเต้,กาแฟ,1,65,65,QR พร้อมเพย์
2026-08-28,13:44,BB01501,อเมริกาโน่,กาแฟ,1,55,55,QR พร้อมเพย์
2026-08-28,13:44,BB01501,ชาไทย,ชา,1,55,55,QR พร้อมเพย์
2026-08-28,14:35,BB01502,มอคค่า,กาแฟ,2,70,140,QR พร้อมเพย์
2026-08-28,17:15,BB01503,ชามะนาว,ชา,1,45,45,เงินสด
2026-08-28,13:32,BB01504,ชีสเค้ก,เบเกอรี่,1,85,85,เงินสด
2026-08-28,14:48,BB01505,ชาไทย,ชา,1,55,55,QR พร้อมเพย์
2026-08-28,13:11,BB01506,นมสดคาราเมล,ไม่ใช่กาแฟ,1,60,60,QR พร้อมเพย์
2026-08-28,18:13,BB01507,มัทฉะลาเต้,ชา,1,75,75,เงินสด
2026-08-29,12:22,BB01508,ครัวซองต์,เบเกอรี่,2,65,130,QR พร้อมเพย์
2026-08-29,17:10,BB01509,ชาไทย,ชา,2,55,110,QR พร้อมเพย์
2026-08-29,17:10,BB01509,นมสดคาราเมล,ไม่ใช่กาแฟ,1,60,60,QR พร้อมเพย์
2026-08-29,09:57,BB01510,อเมริกาโน่,กาแฟ,1,55,55,เงินสด
2026-08-29,14:20,BB01511,เอสเพรสโซ่,กาแฟ,2,50,100,บัตรเครดิต
2026-08-29,14:20,BB01511,ชีสเค้ก,เบเกอรี่,1,85,85,บัตรเครดิต
2026-08-29,14:20,BB01511,ลาเต้,กาแฟ,1,65,65,บัตรเครดิต
2026-08-29,11:33,BB01512,ลาเต้,กาแฟ,1,65,65,QR พร้อมเพย์
2026-08-29,11:33,BB01512,ชีสเค้ก,เบเกอรี่,1,85,85,QR พร้อมเพย์
2026-08-29,12:41,BB01513,คาปูชิโน่,กาแฟ,1,65,65,QR พร้อมเพย์
2026-08-29,14:24,BB01514,ชามะนาว,ชา,1,45,45,QR พร้อมเพย์
2026-08-29,08:23,BB01515,เอสเพรสโซ่,กาแฟ,1,50,50,QR พร้อมเพย์
2026-08-29,08:23,BB01515,ชีสเค้ก,เบเกอรี่,1,85,85,QR พร้อมเพย์
2026-08-29,07:35,BB01516,อเมริกาโน่,กาแฟ,2,55,110,เงินสด
2026-08-29,07:35,BB01516,ชาไทย,ชา,2,55,110,เงินสด
2026-08-29,15:26,BB01517,คาปูชิโน่,กาแฟ,1,65,65,QR พร้อมเพย์
2026-08-29,13:33,BB01518,ชาไทย,ชา,1,55,55,บัตรเครดิต
2026-08-29,13:33,BB01518,ชาไทย,ชา,1,55,55,บัตรเครดิต
2026-08-29,11:59,BB01519,มัทฉะลาเต้,ชา,1,75,75,บัตรเครดิต
2026-08-29,11:59,BB01519,โกโก้,ไม่ใช่กาแฟ,1,60,60,บัตรเครดิต
2026-08-29,16:48,BB01520,ชามะนาว,ชา,1,45,45,QR พร้อมเพย์
2026-08-29,12:49,BB01521,ลาเต้,กาแฟ,1,65,65,QR พร้อมเพย์
2026-08-29,10:52,BB01522,ลาเต้,กาแฟ,1,65,65,QR พร้อมเพย์
2026-08-29,10:52,BB01522,ลาเต้,กาแฟ,1,65,65,QR พร้อมเพย์
2026-08-29,10:48,BB01523,ชามะนาว,ชา,1,45,45,เงินสด
2026-08-29,10:48,BB01523,มอคค่า,กาแฟ,1,70,70,เงินสด
2026-08-29,09:49,BB01524,ชีสเค้ก,เบเกอรี่,1,85,85,QR พร้อมเพย์
2026-08-29,16:42,BB01525,ลาเต้,กาแฟ,2,65,130,QR พร้อมเพย์
2026-08-29,08:55,BB01526,ลาเต้,กาแฟ,2,65,130,QR พร้อมเพย์
2026-08-29,08:55,BB01526,บราวนี่,เบเกอรี่,1,55,55,QR พร้อมเพย์
2026-08-29,17:33,BB01527,ลาเต้,กาแฟ,1,65,65,QR พร้อมเพย์
2026-08-29,08:15,BB01528,มอคค่า,กาแฟ,1,70,70,เงินสด
2026-08-29,08:15,BB01528,ชีสเค้ก,เบเกอรี่,1,85,85,เงินสด
2026-08-29,10:30,BB01529,ครัวซองต์,เบเกอรี่,1,65,65,เงินสด
2026-08-29,09:59,BB01530,ลาเต้,กาแฟ,1,65,65,QR พร้อมเพย์
2026-08-29,15:44,BB01531,บราวนี่,เบเกอรี่,1,55,55,QR พร้อมเพย์
2026-08-29,15:44,BB01531,อเมริกาโน่,กาแฟ,1,55,55,QR พร้อมเพย์
2026-08-29,13:34,BB01532,อเมริกาโน่,กาแฟ,1,55,55,QR พร้อมเพย์
2026-08-29,11:03,BB01533,ลาเต้,กาแฟ,2,65,130,เงินสด
2026-08-29,11:03,BB01533,โกโก้,ไม่ใช่กาแฟ,1,60,60,เงินสด
2026-08-29,11:13,BB01534,เอสเพรสโซ่,กาแฟ,1,50,50,QR พร้อมเพย์
2026-08-29,07:54,BB01535,โกโก้,ไม่ใช่กาแฟ,1,60,60,เงินสด
2026-08-29,08:55,BB01536,ลาเต้,กาแฟ,2,65,130,QR พร้อมเพย์
2026-08-29,11:08,BB01537,ชามะนาว,ชา,2,45,90,เงินสด
2026-08-29,11:08,BB01537,มอคค่า,กาแฟ,1,70,70,เงินสด
2026-08-29,11:08,BB01537,อเมริกาโน่,กาแฟ,1,55,55,เงินสด
2026-08-29,16:18,BB01538,มัทฉะลาเต้,ชา,1,75,75,เงินสด
2026-08-29,16:11,BB01539,ลาเต้,กาแฟ,1,65,65,QR พร้อมเพย์
2026-08-29,12:35,BB01540,นมสดคาราเมล,ไม่ใช่กาแฟ,1,60,60,เงินสด
2026-08-29,08:30,BB01541,อเมริกาโน่,กาแฟ,1,55,55,QR พร้อมเพย์
2026-08-29,09:06,BB01542,มอคค่า,กาแฟ,1,70,70,เงินสด
2026-08-29,09:06,BB01542,มัทฉะลาเต้,ชา,1,75,75,เงินสด
2026-08-29,08:39,BB01543,เอสเพรสโซ่,กาแฟ,1,50,50,QR พร้อมเพย์
2026-08-29,09:38,BB01544,ชีสเค้ก,เบเกอรี่,1,85,85,เงินสด
2026-08-29,09:38,BB01544,ครัวซองต์,เบเกอรี่,1,65,65,เงินสด
2026-08-29,11:58,BB01545,มัทฉะลาเต้,ชา,1,75,75,QR พร้อมเพย์
2026-08-29,11:58,BB01545,อเมริกาโน่,กาแฟ,2,55,110,QR พร้อมเพย์
2026-08-29,17:37,BB01546,ลาเต้,กาแฟ,1,65,65,QR พร้อมเพย์
2026-08-29,12:07,BB01547,บราวนี่,เบเกอรี่,1,55,55,QR พร้อมเพย์
2026-08-29,12:07,BB01547,บราวนี่,เบเกอรี่,1,55,55,QR พร้อมเพย์
2026-08-29,07:27,BB01548,นมสดคาราเมล,ไม่ใช่กาแฟ,1,60,60,QR พร้อมเพย์
2026-08-29,11:39,BB01549,ชาไทย,ชา,1,55,55,เงินสด
2026-08-29,11:39,BB01549,ชาไทย,ชา,1,55,55,เงินสด
2026-08-29,09:26,BB01550,มัทฉะลาเต้,ชา,1,75,75,เงินสด
2026-08-29,12:59,BB01551,คาปูชิโน่,กาแฟ,1,65,65,QR พร้อมเพย์
2026-08-29,12:59,BB01551,มัทฉะลาเต้,ชา,1,75,75,QR พร้อมเพย์
2026-08-29,17:22,BB01552,ชาไทย,ชา,1,55,55,เงินสด
2026-08-29,17:22,BB01552,บราวนี่,เบเกอรี่,1,55,55,เงินสด
2026-08-29,09:12,BB01553,อเมริกาโน่,กาแฟ,1,55,55,QR พร้อมเพย์
2026-08-29,09:12,BB01553,อเมริกาโน่,กาแฟ,1,55,55,QR พร้อมเพย์
2026-08-29,09:12,BB01553,โกโก้,ไม่ใช่กาแฟ,1,60,60,QR พร้อมเพย์
2026-08-29,14:07,BB01554,ครัวซองต์,เบเกอรี่,1,65,65,เงินสด
2026-08-29,14:07,BB01554,ลาเต้,กาแฟ,1,65,65,เงินสด
2026-08-29,15:19,BB01555,บราวนี่,เบเกอรี่,1,55,55,QR พร้อมเพย์
2026-08-29,16:43,BB01556,บราวนี่,เบเกอรี่,1,55,55,บัตรเครดิต
2026-08-29,16:43,BB01556,ชีสเค้ก,เบเกอรี่,2,85,170,บัตรเครดิต
2026-08-29,09:49,BB01557,ชีสเค้ก,เบเกอรี่,1,85,85,QR พร้อมเพย์
2026-08-29,09:49,BB01557,นมสดคาราเมล,ไม่ใช่กาแฟ,1,60,60,QR พร้อมเพย์
2026-08-29,09:49,BB01557,ชีสเค้ก,เบเกอรี่,1,85,85,QR พร้อมเพย์
2026-08-29,09:23,BB01558,ลาเต้,กาแฟ,2,65,130,เงินสด
2026-08-29,09:23,BB01558,นมสดคาราเมล,ไม่ใช่กาแฟ,1,60,60,เงินสด
2026-08-29,09:00,BB01559,เอสเพรสโซ่,กาแฟ,1,50,50,QR พร้อมเพย์
2026-08-29,07:37,BB01560,คาปูชิโน่,กาแฟ,2,65,130,บัตรเครดิต
2026-08-29,15:43,BB01561,คาปูชิโน่,กาแฟ,1,65,65,เงินสด
2026-08-29,15:43,BB01561,ชามะนาว,ชา,2,45,90,เงินสด
2026-08-29,10:59,BB01562,คาปูชิโน่,กาแฟ,1,65,65,เงินสด
2026-08-29,10:59,BB01562,อเมริกาโน่,กาแฟ,1,55,55,เงินสด
2026-08-29,07:35,BB01563,คาปูชิโน่,กาแฟ,1,65,65,QR พร้อมเพย์
2026-08-29,11:31,BB01564,นมสดคาราเมล,ไม่ใช่กาแฟ,2,60,120,QR พร้อมเพย์
2026-08-29,11:31,BB01564,ชีสเค้ก,เบเกอรี่,1,85,85,QR พร้อมเพย์
2026-08-29,11:31,BB01564,ชาไทย,ชา,1,55,55,QR พร้อมเพย์
2026-08-29,15:10,BB01565,บราวนี่,เบเกอรี่,1,55,55,QR พร้อมเพย์
2026-08-29,16:21,BB01566,ครัวซองต์,เบเกอรี่,1,65,65,เงินสด
2026-08-29,12:38,BB01567,ชาไทย,ชา,1,55,55,บัตรเครดิต
2026-08-29,08:36,BB01568,คาปูชิโน่,กาแฟ,1,65,65,QR พร้อมเพย์
2026-08-29,08:36,BB01568,มอคค่า,กาแฟ,1,70,70,QR พร้อมเพย์
2026-08-29,08:27,BB01569,อเมริกาโน่,กาแฟ,1,55,55,QR พร้อมเพย์
2026-08-29,09:18,BB01570,ชาไทย,ชา,1,55,55,เงินสด
2026-08-29,11:35,BB01571,ชาไทย,ชา,1,55,55,QR พร้อมเพย์
2026-08-30,12:22,BB01572,อเมริกาโน่,กาแฟ,1,55,55,เงินสด
2026-08-30,12:22,BB01572,อเมริกาโน่,กาแฟ,1,55,55,เงินสด
2026-08-30,08:59,BB01573,เอสเพรสโซ่,กาแฟ,1,50,50,เงินสด
2026-08-30,08:59,BB01573,มอคค่า,กาแฟ,1,70,70,เงินสด
2026-08-30,13:07,BB01574,อเมริกาโน่,กาแฟ,1,55,55,QR พร้อมเพย์
2026-08-30,13:07,BB01574,บราวนี่,เบเกอรี่,1,55,55,QR พร้อมเพย์
2026-08-30,13:28,BB01575,บราวนี่,เบเกอรี่,1,55,55,เงินสด
2026-08-30,10:27,BB01576,ลาเต้,กาแฟ,1,65,65,QR พร้อมเพย์
2026-08-30,10:27,BB01576,โกโก้,ไม่ใช่กาแฟ,1,60,60,QR พร้อมเพย์
2026-08-30,10:33,BB01577,บราวนี่,เบเกอรี่,1,55,55,เงินสด
2026-08-30,10:33,BB01577,ลาเต้,กาแฟ,2,65,130,เงินสด
2026-08-30,12:25,BB01578,โกโก้,ไม่ใช่กาแฟ,2,60,120,QR พร้อมเพย์
2026-08-30,12:51,BB01579,อเมริกาโน่,กาแฟ,1,55,55,QR พร้อมเพย์
2026-08-30,12:51,BB01579,มอคค่า,กาแฟ,1,70,70,QR พร้อมเพย์
2026-08-30,14:43,BB01580,อเมริกาโน่,กาแฟ,1,55,55,QR พร้อมเพย์
2026-08-30,13:35,BB01581,มัทฉะลาเต้,ชา,1,75,75,QR พร้อมเพย์
2026-08-30,11:42,BB01582,ครัวซองต์,เบเกอรี่,1,65,65,QR พร้อมเพย์
2026-08-30,13:52,BB01583,ลาเต้,กาแฟ,1,65,65,QR พร้อมเพย์
2026-08-30,11:27,BB01584,นมสดคาราเมล,ไม่ใช่กาแฟ,1,60,60,เงินสด
2026-08-30,08:42,BB01585,โกโก้,ไม่ใช่กาแฟ,1,60,60,QR พร้อมเพย์
2026-08-30,08:42,BB01585,ลาเต้,กาแฟ,1,65,65,QR พร้อมเพย์
2026-08-30,11:01,BB01586,อเมริกาโน่,กาแฟ,1,55,55,QR พร้อมเพย์
2026-08-30,11:01,BB01586,ชาไทย,ชา,2,55,110,QR พร้อมเพย์
2026-08-30,13:28,BB01587,ชาไทย,ชา,1,55,55,QR พร้อมเพย์
2026-08-30,12:21,BB01588,ชามะนาว,ชา,1,45,45,เงินสด
2026-08-30,10:56,BB01589,อเมริกาโน่,กาแฟ,1,55,55,เงินสด
2026-08-30,12:14,BB01590,มอคค่า,กาแฟ,1,70,70,เงินสด
2026-08-30,07:58,BB01591,ลาเต้,กาแฟ,1,65,65,เงินสด
2026-08-30,13:54,BB01592,ครัวซองต์,เบเกอรี่,1,65,65,QR พร้อมเพย์
2026-08-30,13:54,BB01592,อเมริกาโน่,กาแฟ,1,55,55,QR พร้อมเพย์
2026-08-30,12:26,BB01593,อเมริกาโน่,กาแฟ,1,55,55,QR พร้อมเพย์
2026-08-30,13:16,BB01594,อเมริกาโน่,กาแฟ,1,55,55,QR พร้อมเพย์
2026-08-30,13:16,BB01594,ลาเต้,กาแฟ,2,65,130,QR พร้อมเพย์
2026-08-30,15:19,BB01595,คาปูชิโน่,กาแฟ,1,65,65,QR พร้อมเพย์
2026-08-30,17:57,BB01596,ชาไทย,ชา,1,55,55,บัตรเครดิต
2026-08-30,17:57,BB01596,บราวนี่,เบเกอรี่,1,55,55,บัตรเครดิต
2026-08-30,17:57,BB01596,บราวนี่,เบเกอรี่,1,55,55,บัตรเครดิต
2026-08-30,09:23,BB01597,ลาเต้,กาแฟ,1,65,65,บัตรเครดิต
2026-08-30,09:23,BB01597,อเมริกาโน่,กาแฟ,1,55,55,บัตรเครดิต
2026-08-30,09:23,BB01597,ลาเต้,กาแฟ,1,65,65,บัตรเครดิต
2026-08-30,10:10,BB01598,เอสเพรสโซ่,กาแฟ,1,50,50,QR พร้อมเพย์
2026-08-30,10:10,BB01598,อเมริกาโน่,กาแฟ,1,55,55,QR พร้อมเพย์
2026-08-30,10:22,BB01599,อเมริกาโน่,กาแฟ,1,55,55,QR พร้อมเพย์
2026-08-30,12:04,BB01600,ลาเต้,กาแฟ,1,65,65,บัตรเครดิต
2026-08-30,12:04,BB01600,ครัวซองต์,เบเกอรี่,2,65,130,บัตรเครดิต
2026-08-30,09:30,BB01601,ชาไทย,ชา,1,55,55,QR พร้อมเพย์
2026-08-30,09:30,BB01601,มัทฉะลาเต้,ชา,1,75,75,QR พร้อมเพย์
2026-08-30,09:11,BB01602,อเมริกาโน่,กาแฟ,1,55,55,QR พร้อมเพย์
2026-08-30,14:27,BB01603,เอสเพรสโซ่,กาแฟ,1,50,50,QR พร้อมเพย์
2026-08-30,09:56,BB01604,เอสเพรสโซ่,กาแฟ,1,50,50,เงินสด
2026-08-30,09:56,BB01604,โกโก้,ไม่ใช่กาแฟ,1,60,60,เงินสด
2026-08-30,09:56,BB01604,มัทฉะลาเต้,ชา,1,75,75,เงินสด
2026-08-30,14:21,BB01605,โกโก้,ไม่ใช่กาแฟ,1,60,60,เงินสด
2026-08-30,10:27,BB01606,นมสดคาราเมล,ไม่ใช่กาแฟ,1,60,60,QR พร้อมเพย์
2026-08-30,14:39,BB01607,ชาไทย,ชา,1,55,55,เงินสด
2026-08-30,18:55,BB01608,นมสดคาราเมล,ไม่ใช่กาแฟ,2,60,120,เงินสด
2026-08-30,17:43,BB01609,นมสดคาราเมล,ไม่ใช่กาแฟ,1,60,60,QR พร้อมเพย์
2026-08-30,09:00,BB01610,ลาเต้,กาแฟ,1,65,65,QR พร้อมเพย์
2026-08-30,14:27,BB01611,ชาไทย,ชา,2,55,110,เงินสด
2026-08-30,07:06,BB01612,มัทฉะลาเต้,ชา,1,75,75,QR พร้อมเพย์
2026-08-30,07:06,BB01612,ลาเต้,กาแฟ,1,65,65,QR พร้อมเพย์
2026-08-30,12:49,BB01613,บราวนี่,เบเกอรี่,1,55,55,QR พร้อมเพย์
2026-08-30,10:41,BB01614,ครัวซองต์,เบเกอรี่,2,65,130,QR พร้อมเพย์
2026-08-30,13:13,BB01615,โกโก้,ไม่ใช่กาแฟ,1,60,60,QR พร้อมเพย์
2026-08-30,13:13,BB01615,ครัวซองต์,เบเกอรี่,1,65,65,QR พร้อมเพย์
2026-08-30,12:29,BB01616,คาปูชิโน่,กาแฟ,1,65,65,เงินสด
2026-08-30,12:29,BB01616,มอคค่า,กาแฟ,1,70,70,เงินสด
2026-08-30,18:24,BB01617,มอคค่า,กาแฟ,1,70,70,QR พร้อมเพย์
2026-08-30,18:24,BB01617,ครัวซองต์,เบเกอรี่,1,65,65,QR พร้อมเพย์
2026-08-30,13:29,BB01618,อเมริกาโน่,กาแฟ,1,55,55,QR พร้อมเพย์
2026-08-30,13:29,BB01618,ลาเต้,กาแฟ,1,65,65,QR พร้อมเพย์
2026-08-30,10:42,BB01619,คาปูชิโน่,กาแฟ,1,65,65,เงินสด
2026-08-30,10:42,BB01619,เอสเพรสโซ่,กาแฟ,2,50,100,เงินสด
2026-08-30,10:40,BB01620,บราวนี่,เบเกอรี่,1,55,55,เงินสด
2026-08-30,10:40,BB01620,ชาไทย,ชา,1,55,55,เงินสด
2026-08-30,10:40,BB01620,คาปูชิโน่,กาแฟ,1,65,65,เงินสด
2026-08-30,14:31,BB01621,เอสเพรสโซ่,กาแฟ,1,50,50,QR พร้อมเพย์
2026-08-30,10:36,BB01622,ชามะนาว,ชา,1,45,45,เงินสด
2026-08-30,11:42,BB01623,ชีสเค้ก,เบเกอรี่,1,85,85,QR พร้อมเพย์
2026-08-30,11:42,BB01623,โกโก้,ไม่ใช่กาแฟ,2,60,120,QR พร้อมเพย์
2026-08-30,12:23,BB01624,ลาเต้,กาแฟ,1,65,65,QR พร้อมเพย์
2026-08-30,16:17,BB01625,อเมริกาโน่,กาแฟ,1,55,55,QR พร้อมเพย์
2026-08-30,13:18,BB01626,บราวนี่,เบเกอรี่,1,55,55,บัตรเครดิต
2026-08-30,13:18,BB01626,อเมริกาโน่,กาแฟ,2,55,110,บัตรเครดิต
2026-08-30,13:18,BB01626,อเมริกาโน่,กาแฟ,1,55,55,บัตรเครดิต
2026-08-30,09:45,BB01627,อเมริกาโน่,กาแฟ,1,55,55,เงินสด
2026-08-30,09:47,BB01628,ลาเต้,กาแฟ,1,65,65,บัตรเครดิต
2026-08-30,09:47,BB01628,มอคค่า,กาแฟ,1,70,70,บัตรเครดิต
2026-08-30,10:14,BB01629,บราวนี่,เบเกอรี่,1,55,55,QR พร้อมเพย์
2026-08-30,09:40,BB01630,ชามะนาว,ชา,1,45,45,QR พร้อมเพย์
2026-08-30,09:40,BB01630,ชีสเค้ก,เบเกอรี่,2,85,170,QR พร้อมเพย์
2026-08-30,15:21,BB01631,โกโก้,ไม่ใช่กาแฟ,1,60,60,QR พร้อมเพย์
2026-08-30,13:09,BB01632,นมสดคาราเมล,ไม่ใช่กาแฟ,2,60,120,QR พร้อมเพย์
2026-08-30,13:09,BB01632,ชีสเค้ก,เบเกอรี่,1,85,85,QR พร้อมเพย์
2026-08-30,13:09,BB01632,บราวนี่,เบเกอรี่,1,55,55,QR พร้อมเพย์
2026-08-30,15:05,BB01633,มัทฉะลาเต้,ชา,2,75,150,เงินสด
2026-08-30,15:05,BB01633,มอคค่า,กาแฟ,1,70,70,เงินสด
2026-08-30,15:05,BB01633,อเมริกาโน่,กาแฟ,1,55,55,เงินสด
2026-08-30,17:25,BB01634,บราวนี่,เบเกอรี่,1,55,55,เงินสด
2026-08-30,09:28,BB01635,เอสเพรสโซ่,กาแฟ,1,50,50,QR พร้อมเพย์
2026-08-30,09:28,BB01635,ชาไทย,ชา,1,55,55,QR พร้อมเพย์
2026-08-30,15:46,BB01636,อเมริกาโน่,กาแฟ,2,55,110,QR พร้อมเพย์
2026-08-30,09:03,BB01637,ครัวซองต์,เบเกอรี่,1,65,65,เงินสด
2026-08-30,09:18,BB01638,คาปูชิโน่,กาแฟ,1,65,65,เงินสด
2026-08-30,08:39,BB01639,ครัวซองต์,เบเกอรี่,1,65,65,บัตรเครดิต
2026-08-30,08:39,BB01639,ลาเต้,กาแฟ,1,65,65,บัตรเครดิต
2026-08-30,07:59,BB01640,ครัวซองต์,เบเกอรี่,2,65,130,QR พร้อมเพย์
2026-08-30,07:59,BB01640,เอสเพรสโซ่,กาแฟ,1,50,50,QR พร้อมเพย์
2026-08-30,10:18,BB01641,บราวนี่,เบเกอรี่,1,55,55,QR พร้อมเพย์
2026-08-30,10:08,BB01642,โกโก้,ไม่ใช่กาแฟ,1,60,60,QR พร้อมเพย์
2026-08-30,10:28,BB01643,อเมริกาโน่,กาแฟ,1,55,55,QR พร้อมเพย์
2026-08-30,10:28,BB01643,ครัวซองต์,เบเกอรี่,2,65,130,QR พร้อมเพย์
2026-08-30,08:38,BB01644,ชีสเค้ก,เบเกอรี่,1,85,85,บัตรเครดิต
2026-08-30,12:38,BB01645,ชีสเค้ก,เบเกอรี่,1,85,85,เงินสด
2026-08-30,12:38,BB01645,ชามะนาว,ชา,1,45,45,เงินสด
2026-08-30,12:38,BB01645,ชามะนาว,ชา,1,45,45,เงินสด
2026-08-30,09:50,BB01646,อเมริกาโน่,กาแฟ,1,55,55,เงินสด
2026-08-30,09:50,BB01646,ลาเต้,กาแฟ,1,65,65,เงินสด
2026-08-30,17:39,BB01647,โกโก้,ไม่ใช่กาแฟ,1,60,60,QR พร้อมเพย์
2026-08-30,17:39,BB01647,เอสเพรสโซ่,กาแฟ,2,50,100,QR พร้อมเพย์
2026-08-31,09:38,BB01648,มัทฉะลาเต้,ชา,1,75,75,QR พร้อมเพย์
2026-08-31,09:38,BB01648,อเมริกาโน่,กาแฟ,1,55,55,QR พร้อมเพย์
2026-08-31,15:48,BB01649,อเมริกาโน่,กาแฟ,1,55,55,QR พร้อมเพย์
2026-08-31,15:48,BB01649,ลาเต้,กาแฟ,2,65,130,QR พร้อมเพย์
2026-08-31,08:58,BB01650,อเมริกาโน่,กาแฟ,1,55,55,เงินสด
2026-08-31,13:19,BB01651,ชาไทย,ชา,1,55,55,เงินสด
2026-08-31,13:19,BB01651,ชามะนาว,ชา,1,45,45,เงินสด
2026-08-31,08:54,BB01652,ลาเต้,กาแฟ,1,65,65,QR พร้อมเพย์
2026-08-31,08:54,BB01652,คาปูชิโน่,กาแฟ,1,65,65,QR พร้อมเพย์
2026-08-31,12:46,BB01653,ลาเต้,กาแฟ,1,65,65,บัตรเครดิต
2026-08-31,18:49,BB01654,อเมริกาโน่,กาแฟ,1,55,55,เงินสด
2026-08-31,18:49,BB01654,อเมริกาโน่,กาแฟ,1,55,55,เงินสด
2026-08-31,18:00,BB01655,ชามะนาว,ชา,1,45,45,QR พร้อมเพย์
2026-08-31,18:00,BB01655,บราวนี่,เบเกอรี่,1,55,55,QR พร้อมเพย์
2026-08-31,18:08,BB01656,ชามะนาว,ชา,2,45,90,บัตรเครดิต
2026-08-31,18:08,BB01656,ลาเต้,กาแฟ,1,65,65,บัตรเครดิต
2026-08-31,18:08,BB01656,ชีสเค้ก,เบเกอรี่,2,85,170,บัตรเครดิต
2026-08-31,11:19,BB01657,โกโก้,ไม่ใช่กาแฟ,1,60,60,บัตรเครดิต
2026-08-31,16:21,BB01658,มัทฉะลาเต้,ชา,2,75,150,QR พร้อมเพย์
2026-08-31,12:51,BB01659,อเมริกาโน่,กาแฟ,1,55,55,QR พร้อมเพย์
2026-08-31,10:15,BB01660,อเมริกาโน่,กาแฟ,1,55,55,QR พร้อมเพย์
2026-08-31,11:43,BB01661,ลาเต้,กาแฟ,1,65,65,QR พร้อมเพย์
2026-08-31,11:43,BB01661,ชีสเค้ก,เบเกอรี่,1,85,85,QR พร้อมเพย์
2026-08-31,10:28,BB01662,อเมริกาโน่,กาแฟ,2,55,110,เงินสด
2026-08-31,10:28,BB01662,มอคค่า,กาแฟ,1,70,70,เงินสด
2026-08-31,08:33,BB01663,ลาเต้,กาแฟ,1,65,65,เงินสด
2026-08-31,12:13,BB01664,ครัวซองต์,เบเกอรี่,1,65,65,เงินสด
2026-08-31,08:40,BB01665,บราวนี่,เบเกอรี่,1,55,55,QR พร้อมเพย์
2026-08-31,10:22,BB01666,บราวนี่,เบเกอรี่,1,55,55,เงินสด
2026-08-31,13:51,BB01667,อเมริกาโน่,กาแฟ,1,55,55,บัตรเครดิต
2026-08-31,10:47,BB01668,อเมริกาโน่,กาแฟ,1,55,55,เงินสด
2026-08-31,10:47,BB01668,ลาเต้,กาแฟ,1,65,65,เงินสด
2026-08-31,13:46,BB01669,อเมริกาโน่,กาแฟ,2,55,110,QR พร้อมเพย์
2026-08-31,09:39,BB01670,ครัวซองต์,เบเกอรี่,1,65,65,QR พร้อมเพย์
2026-08-31,08:31,BB01671,ลาเต้,กาแฟ,1,65,65,QR พร้อมเพย์
2026-08-31,12:55,BB01672,บราวนี่,เบเกอรี่,1,55,55,บัตรเครดิต
2026-08-31,12:55,BB01672,ชาไทย,ชา,1,55,55,บัตรเครดิต
2026-08-31,11:48,BB01673,มัทฉะลาเต้,ชา,1,75,75,QR พร้อมเพย์
2026-08-31,11:48,BB01673,อเมริกาโน่,กาแฟ,2,55,110,QR พร้อมเพย์
2026-08-31,13:58,BB01674,บราวนี่,เบเกอรี่,1,55,55,QR พร้อมเพย์
2026-08-31,13:58,BB01674,นมสดคาราเมล,ไม่ใช่กาแฟ,1,60,60,QR พร้อมเพย์
2026-08-31,13:58,BB01674,บราวนี่,เบเกอรี่,1,55,55,QR พร้อมเพย์
2026-08-31,12:59,BB01675,เอสเพรสโซ่,กาแฟ,2,50,100,QR พร้อมเพย์
2026-08-31,14:08,BB01676,เอสเพรสโซ่,กาแฟ,1,50,50,เงินสด
2026-08-31,14:08,BB01676,ครัวซองต์,เบเกอรี่,1,65,65,เงินสด
2026-08-31,10:37,BB01677,ครัวซองต์,เบเกอรี่,1,65,65,QR พร้อมเพย์
2026-08-31,11:24,BB01678,ชาไทย,ชา,1,55,55,QR พร้อมเพย์
2026-08-31,11:24,BB01678,ลาเต้,กาแฟ,1,65,65,QR พร้อมเพย์
2026-08-31,15:14,BB01679,ชาไทย,ชา,1,55,55,QR พร้อมเพย์
2026-08-31,15:14,BB01679,โกโก้,ไม่ใช่กาแฟ,1,60,60,QR พร้อมเพย์
2026-08-31,18:11,BB01680,ครัวซองต์,เบเกอรี่,1,65,65,QR พร้อมเพย์
2026-08-31,14:30,BB01681,ชีสเค้ก,เบเกอรี่,1,85,85,QR พร้อมเพย์
2026-08-31,15:42,BB01682,ลาเต้,กาแฟ,1,65,65,QR พร้อมเพย์
2026-08-31,10:06,BB01683,มัทฉะลาเต้,ชา,1,75,75,QR พร้อมเพย์
2026-08-31,10:06,BB01683,ลาเต้,กาแฟ,1,65,65,QR พร้อมเพย์
2026-08-31,18:22,BB01684,ลาเต้,กาแฟ,2,65,130,เงินสด
2026-08-31,09:49,BB01685,โกโก้,ไม่ใช่กาแฟ,1,60,60,QR พร้อมเพย์
2026-08-31,09:49,BB01685,โกโก้,ไม่ใช่กาแฟ,2,60,120,QR พร้อมเพย์
2026-08-31,09:27,BB01686,ลาเต้,กาแฟ,2,65,130,เงินสด
2026-08-31,09:27,BB01686,คาปูชิโน่,กาแฟ,1,65,65,เงินสด
2026-08-31,07:36,BB01687,โกโก้,ไม่ใช่กาแฟ,1,60,60,QR พร้อมเพย์
2026-08-31,07:36,BB01687,โกโก้,ไม่ใช่กาแฟ,1,60,60,QR พร้อมเพย์
2026-08-31,07:36,BB01687,ลาเต้,กาแฟ,2,65,130,QR พร้อมเพย์
2026-08-31,13:22,BB01688,มอคค่า,กาแฟ,2,70,140,เงินสด
2026-08-31,13:22,BB01688,ลาเต้,กาแฟ,2,65,130,เงินสด
